-- MySQL dump 10.13  Distrib 8.0.40, for Linux (x86_64)
--
-- Host: localhost    Database: picking
-- ------------------------------------------------------
-- Server version	8.0.40-0ubuntu0.24.04.1

/*!40101 SET @OLD_CHARACTER_SET_CLIENT=@@CHARACTER_SET_CLIENT */;
/*!40101 SET @OLD_CHARACTER_SET_RESULTS=@@CHARACTER_SET_RESULTS */;
/*!40101 SET @OLD_COLLATION_CONNECTION=@@COLLATION_CONNECTION */;
/*!50503 SET NAMES utf8mb4 */;
/*!40103 SET @OLD_TIME_ZONE=@@TIME_ZONE */;
/*!40103 SET TIME_ZONE='+00:00' */;
/*!40014 SET @OLD_UNIQUE_CHECKS=@@UNIQUE_CHECKS, UNIQUE_CHECKS=0 */;
/*!40014 SET @OLD_FOREIGN_KEY_CHECKS=@@FOREIGN_KEY_CHECKS, FOREIGN_KEY_CHECKS=0 */;
/*!40101 SET @OLD_SQL_MODE=@@SQL_MODE, SQL_MODE='NO_AUTO_VALUE_ON_ZERO' */;
/*!40111 SET @OLD_SQL_NOTES=@@SQL_NOTES, SQL_NOTES=0 */;

--
-- Table structure for table `agencias`
--

DROP TABLE IF EXISTS `agencias`;
/*!40101 SET @saved_cs_client     = @@character_set_client */;
/*!50503 SET character_set_client = utf8mb4 */;
CREATE TABLE `agencias` (
  `idagencia` varchar(3) NOT NULL,
  `agencia` varchar(25) NOT NULL,
  PRIMARY KEY (`idagencia`)
) ENGINE=InnoDB DEFAULT CHARSET=utf8mb4 COLLATE=utf8mb4_0900_ai_ci;
/*!40101 SET character_set_client = @saved_cs_client */;

--
-- Dumping data for table `agencias`
--

LOCK TABLES `agencias` WRITE;
/*!40000 ALTER TABLE `agencias` DISABLE KEYS */;
INSERT INTO `agencias` VALUES ('771','Guayaquil'),('773','San Gabriel'),('774','Quito');
/*!40000 ALTER TABLE `agencias` ENABLE KEYS */;
UNLOCK TABLES;

--
-- Table structure for table `almacenes`
--

DROP TABLE IF EXISTS `almacenes`;
/*!40101 SET @saved_cs_client     = @@character_set_client */;
/*!50503 SET character_set_client = utf8mb4 */;
CREATE TABLE `almacenes` (
  `idalmacen` varchar(4) NOT NULL,
  `almacen` varchar(35) NOT NULL,
  PRIMARY KEY (`idalmacen`)
) ENGINE=InnoDB DEFAULT CHARSET=utf8mb4 COLLATE=utf8mb4_0900_ai_ci;
/*!40101 SET character_set_client = @saved_cs_client */;

--
-- Dumping data for table `almacenes`
--

LOCK TABLES `almacenes` WRITE;
/*!40000 ALTER TABLE `almacenes` DISABLE KEYS */;
INSERT INTO `almacenes` VALUES ('1001','Producto Terminado (1001)'),('1080','Bodega Madre (1080)'),('1094','Multiempaque (1094)');
/*!40000 ALTER TABLE `almacenes` ENABLE KEYS */;
UNLOCK TABLES;

--
-- Table structure for table `centros`
--

DROP TABLE IF EXISTS `centros`;
/*!40101 SET @saved_cs_client     = @@character_set_client */;
/*!50503 SET character_set_client = utf8mb4 */;
CREATE TABLE `centros` (
  `idcentro` varchar(4) NOT NULL,
  `centro` varchar(30) NOT NULL,
  PRIMARY KEY (`idcentro`)
) ENGINE=InnoDB DEFAULT CHARSET=utf8mb4 COLLATE=utf8mb4_0900_ai_ci;
/*!40101 SET character_set_client = @saved_cs_client */;

--
-- Dumping data for table `centros`
--

LOCK TABLES `centros` WRITE;
/*!40000 ALTER TABLE `centros` DISABLE KEYS */;
INSERT INTO `centros` VALUES ('7701','Machachi'),('7702','San Gabriel'),('7711','Guayaquil');
/*!40000 ALTER TABLE `centros` ENABLE KEYS */;
UNLOCK TABLES;

--
-- Table structure for table `codigosEAN`
--

DROP TABLE IF EXISTS `codigosEAN`;
/*!40101 SET @saved_cs_client     = @@character_set_client */;
/*!50503 SET character_set_client = utf8mb4 */;
CREATE TABLE `codigosEAN` (
  `codigoEAN` varchar(13) NOT NULL,
  `idproducto` varchar(10) NOT NULL,
  `descripcion` varchar(80) NOT NULL,
  `estado` varchar(1) NOT NULL,
  PRIMARY KEY (`codigoEAN`)
) ENGINE=InnoDB DEFAULT CHARSET=utf8mb4 COLLATE=utf8mb4_0900_ai_ci;
/*!40101 SET character_set_client = @saved_cs_client */;

--
-- Dumping data for table `codigosEAN`
--

LOCK TABLES `codigosEAN` WRITE;
/*!40000 ALTER TABLE `codigosEAN` DISABLE KEYS */;
INSERT INTO `codigosEAN` VALUES ('2953416000004','13535','Q JAVIER KIOSKO INST LONJ AL PESO','A'),('2953418000002','14180','Q AMERIC LONJ BKING AL PESO','A'),('2953424000003','16493','QUESO KIOSKO HOLANDES LONJ 1KG AL PESO','A'),('2953425000002','16494','QUESO KIOSKO JAVIERINO LONJ 1KG AL PESO','A'),('2953426000001','16495','QUESO KIOSKO MOZZARELLA LONJ 1KG AL PESO','A'),('2953427000000','16496','QUESO KIOSKO HIERBAS LONJ 1 KG AL PESO','A'),('2959248000007','5719','Q AMERIC KIOSKO LONJ AL PESO','A'),('2959265000004','5779','Q SANDU KIOSKO LONJ AL PESO','A'),('2959269000000','5546','Q PARME KIOSKO CUNA AL PESO','A'),('7702001044504','4450239','AVENA ORIGINAL VASO 250G ECU','A'),('7702001044542','4454239','AVENA CANELA VASO 250G ECU','A'),('7702001062195','6219239','ALPINETTE FRESA 140G ECU','A'),('7702001062218','6221239','ALPINETTE CEREZA 140G ECU','A'),('7702001062225','6222239','ALPINETTE MELOCOTON 140G ECU','A'),('7702001062263','6226239','ALPINETTE MORA 140G ECU','A'),('7702001084999','8499239','AVENA FINESSE VASO 250G ECU','A'),('7702001100712','10071','Q RICOTTA KIOSKO BLOQ 450G','A'),('7702001100965','10096','Q CREMO DEL CAMPO KIOSKO BLOQ 450G','A'),('7702001101276','10127','Q MOZAR KIOSKO SNACK 50G','A'),('7702001101795','10179','MPLX6 Q MOZAR KIOSKO SNACK 50G','A'),('7702001105182','10518','Q HOLAN KIOSKO LONJ 500G BKING','A'),('7702001106530','10653','YOG BBLE KIOSKO FTLLA FUN 900G','A'),('7702001106547','10654','YOG BBLE KIOSKO DZNO FUN 900G','A'),('7702001106639','10663','BY NEON VASO 170G','A'),('7702001108299','10829','YOG BBLE KIOSKO FTLLA BOT 3.5KG','A'),('7702001108305','10830','YOG BBLE KIOSKO DZNO BOT 3.5KG','A'),('7702001109845','10984','YOG BBLE KID KK FTLLA BOT 120G','A'),('7702001109869','10986','YOG BBLE KID KK DZNO BOT 120G','A'),('7702001109906','10990','YOG BBLE KIOSKO MOR FUN 900G','A'),('7702001109920','10992','MPX6 YOG BBLE KID KK MULTSAB BOT 120G','A'),('7702001110377','11037','MPLX4 BY NEON VASO 170G','A'),('7702001110858','11085','MPLX4 AVENA CAN VASO 250G','A'),('7702001111053','11105','YOG BBLE KIOSKO FTLLA BOT 950G','A'),('7702001111060','11106','YOG BBLE KIOSKO FTLLA BOT 1700G','A'),('7702001111077','11107','YOG BBLE KIOSKO DZNO BOT 950G','A'),('7702001111084','11108','YOG BBLE KIOSKO DZNO BOT 1700G','A'),('7702001111091','11109','YOG BBLE KIOSKO MOR BOT 950G','A'),('7702001111756','11175','YOG BBLE KID KK FTLLA BOT 180G','A'),('7702001111770','11177','YOG BBLE KID KK DZNO BOT 180G','A'),('7702001112191','11219','YOG TZOS KIOSKO FTLLA VASO 150G','A'),('7702001112201','11220','YOG TZOS KIOSKO DZNO VASO 150G','A'),('7702001112231','11223','YOG TZOS KIOSKO DZNO BOT 950G','A'),('7702001112241','11224','YOG TZOS KIOSKO MOR BOT 950G','A'),('7702001113118','11311','MPLX18 AREQUIPE VASO 50G','A'),('7702001113200','11320','Q ESPAR MOZAR KIOSKO VASO 45G','A'),('7702001113211','11321','Q ESPAR MOZAR KIOSKO VASO 240G','A'),('7702001113224','11322','Q ESPAR CHED KIOSKO VASO 45G','A'),('7702001117963','11796','BY AREQ VASO 165G','A'),('7702001118361','11836','YOG DUO KIOSKO PINA COCO BOT 950G','A'),('7702001119530','11953','YOG FNSSE FRTROJ BOT 950G','A'),('7702001119547','11954','YOG FNSSE FRTROJ BOT 180G','A'),('7702001119554','11955','YOG FNSSE SBILA BOT 950G','A'),('7702001119561','11956','YOG FNSSE SBILA BOT 180G','A'),('7702001120352','12035','Q MOZAR KIOSKO 10 LONJ 150G','A'),('7702001120369','12036','Q CHED KIOSKO 10 LONJ 200G','A'),('7702001120376','12037','Q MIX GOURMET KIOSKO CUBO BOL 350G','A'),('7702001120963','12096','Q PARME KIOSKO CUNA 300G','A'),('7702001121221','12122','BY MINI CRUNFRE VASO 114G','A'),('7702001122028','12202239','ALPINETTE MARACUYA 140G ECU','A'),('7702001122998','12299','YOG DUO KIOSKO PINA COCO FUN 900G','A'),('7702001123001','12300','YOG BBLE KIOSKO MOR BOT 3.5KG','A'),('7702001123193','12319','Q PROVO AHUM KIOSKO 10 LONJ 150G','A'),('7702001123209','12320','Q PROVO AHUM KIOSKO LONJ 1KG','A'),('7702001124169','12416','Q AMASADO KIOSKO BLOQ 450G','A'),('7702001125289','12528','RGN CER GDLLA BOT 1750G','A'),('7702001125296','12529','RGN CER GDLLA BOT 1000G','A'),('7702001125302','12530','RGN CER GDLLA BOT 180G','A'),('7702001125487','12548','YOG FNSSE SBILA BOT 1670G','A'),('7702001125494','12549','YOG FNSSE FRTROJ BOT 1670G','A'),('7702001125500','12550','MPLX4 BY MULTSAB VASO','A'),('7702001125521','12552','YOG CER KIOSKO FTLLA VASO 120G','A'),('7702001126248','12624','MPX4 YOG FNSSE MULTSAB BOT 180G','A'),('7702001136452','13645','CAJA BARQ DE AREQ 240G','A'),('7702001138289','13828','QUESO MOZARELLA LIGHT KIOSKO 35 G','A'),('7702001138296','13829','MPLX5 QUESO MOZARELLA LIGHT KIOSKO 35 G','A'),('7702001141647','14164','MPLX4 ALPINETTE MOR 140G','A'),('7702001141654','14165','MPLX4 ALPINETTE CZA 140G','A'),('7702001145841','14584','BY MINI CANPOP VASO 130G','A'),('7702001145874','14587','KUMIS ORIG BOT 1000G ECU','A'),('7702001146062','14606','YOG BBLE KID KK MORA BOT 120G','A'),('7702001146079','14607','YOG BBLE KID KK MORA BOT 180G','A'),('7702001146444','14644','YOG NAT KIOSKO BOTELLA 950G','A'),('7702001147137','14713','Q JAVIERINO KIOSKO RALLADO 1.5K','A'),('7702001147144','14714','Q MOZZARELLA PIZZ KIOSKO RALLADO 1.5K','A'),('7702001147151','14715','Q MOZAR PIZZ KIOSKO LONJ AL PESO COR','A'),('7702001147168','14716','Q AMERIC KIOSKO LONJ AL PESO COR','A'),('7702001147199','14719','MANTEQUILLA CON SAL KIOSKO 250G','A'),('7702001147211','14721','MQUILLA SIN SAL 250KG','A'),('7702001154593','15459','AREQUIPE Y PRETZEL STICKS 75 GRAMOS','A'),('7702001155651','15565','FOURPACK AREQUIPE Y PRETZELS 75 GR','A'),('7702001155927','15592','YOG BBLE KIOSKO NATURAL FUN 900G','A'),('7702001155934','15593','Q MOZZARELLA DESLACTOSADO 500 GR','A'),('7702001155941','15594','YOG BBLE KIOSKO NRJLA BOT 950G','A'),('7702001156731','15673','RGN BBLE CIRUELA 180','A'),('7702001156741','15674','RGN BBLE CIRUELA 1000','A'),('7702001158031','15803','GRIEGO FRUT ROJ 500G','A'),('7702001158041','15804','GRIEGO NAT 500G','A'),('7702001159970','15997','QUESO SANDUCHE KIOSKO 75G','A'),('7702001160174','16017','YOG FNSSE DURAZNO BOT 1670G','A'),('7702001160181','16018','YOG FNSSE DURAZNO BOT 950G','A'),('7702001160198','16019','YOG FNSSE DURAZNO BOT 180G','A'),('7702001160785','16078','PACK Q SAND KIOSKO BLOQ 146G JAM','A'),('7702001161560','16156','Q CHED KIOSKO 5 LONJ 75G','A'),('7702001161577','16157','Q MOZZAR KIOSKO 5 LONJ 75G','A'),('7702001161584','16158','Q AMERIC KIOSKO 5 LONJ 75G','A'),('7702001162307','16230','Q GOUDA KIOSKO LONJ 200G','A'),('7702001162314','16231','Q CHEDDAR KIOSKO LONJ 400G','A'),('7702001162321','16232','Q AMERIC KIOSKO LONJ 150G','A'),('7702001162338','16233','Q HOLAN KIOSKO BLOQ 400G','A'),('7702001162345','16234','Q HIERBAS SEMIMAD KIOSKO 400G','A'),('7702001162352','16235','Q CHEDDAR KIOSKO BLOQ 400G','A'),('7702001162369','16236','Q MOZAR HIERBAS KIOSKO BLOQ 500G','A'),('7702001162591','16259','GRIEGO LIMON 150G','A'),('7702001162727','16272','Q KIOSKO MIX RALLADOS 300G','A'),('7702001162741','16274','KIOSKO MIX LONJEADOS 400 G','A'),('7702001163663','16366','YOG FNSSE VAINILLA 180','A'),('7702001163670','16367','YOG FNSSE VAINILLA 950','A'),('7702001163687','16368','YOG FNSSE VAINILLA 1650','A'),('7702001163717','16371','Q ANDINO KIOSKO RUEDA 450G','A'),('7702001163724','16372','YOG BBLE KIOSKO FTILLA 180','A'),('7702001163731','16373','YOG BBLE KIOSKO DZNO 180','A'),('7702001163748','16374','YOG BBLE KIOSKO MORA 180','A'),('7702001163755','16375','MPX6 YOG BBLE KIOSKO 180','A'),('7702001163861','16386','CREM LCH AGRIA KIOSKO DOYP 200G','A'),('7702001164073','16407','Q ESPAR CHED KIOSKO DOYP 200G','A'),('7702001164080','16408','Q ESPAR MOZZ KIOSKO DOYP 200G','A'),('7702001165100','16510','GRIEG KIOSKO FRUT ROJ 120','A'),('7702001165117','16511','GRIEG KIOSKO FRUT ROJ 400','A'),('7702001165124','16512','GRIEG KIOSKO MOR Y ARAND 400','A'),('7702001165131','16513','GRIEG KIOSKO MOR Y ARAND 120','A'),('7702001165148','16514','GRIEG KIOSKO NATURAL 400','A'),('7702001165155','16515','GRIEG KIOSKO NATURAL 120','A'),('7702001165186','16518','MPLX4 GRIEG KIOSKO MULTISAB 480','A'),('7702001165278','16527','Q HOLANDES KIOSKO LONJAS 75G','A'),('7702001165292','16529','Q MOZZARELLA HIERBAS LONJAS 150G','A'),('7702001165308','16530','BY MINI GOMITAS 127G','A'),('7702001166787','16678','YOG BBLE KIOSKO GNBN 900G','A'),('7702001166794','16679','RGN BBLE MORA 1750','A'),('7702001166800','16680','RGN BBLE MORA 1000','A'),('7702001166817','16681','RGN BBLE MORA 180','A'),('7702001167432','16743','DULCE DE LECHE KIOSKO DOYPACK 100G','A'),('7702001167449','16744','CREMA DE LECHE ALPINA 200G','A'),('7702001167456','16745','SELECCION ESPECIAL KIOSKO 150G','A'),('7702001169061','16906','MPLX6 AVENA FINESSE VASO 250G','A'),('7702001170142','17014','Q HOLANDES KIOSKO RALLADO 1500G','A'),('7702001170241','17024','YOG FNSSE FRTROJ MUSLI 155G','A'),('7702001170258','17025','YOG FNSSE DURAZNO MUSLI 155G','A'),('7702001170364','17036','YOG FINESSE NATURAL 1650G','A'),('7702001170371','17037','YOG FINESSE NATURAL 950G','A'),('7702001170517','17051','KIOSKO CHEDDAR LONJAS LINEA DIARIA 75G','A'),('7702001170524','17052','KIOSKO MOZZARELL LONJAS LINEA DIARIA 75G','A'),('7702001170531','17053','KIOSKO SANDUCHE LONJAS LINEA DIARIA 75G','A'),('7702001170692','17069','YOG FINESSE NAT VASO 150g','A'),('7702001171132','17113','BON YURT CHOCAPIC 158G','A'),('7702001171149','17114','BON YURT MINI HOJUELAS 87G','A'),('7702001171156','17115','BY MINI CRUNFRE VASO 90G','A'),('7702001171163','17116','BY MINI CANPOP VASO 105G','A'),('7702001171170','17117','BY MINI MASMELOS 88G','A'),('7702001171552','17155','MQUILLA NAT KIOSKO 1KG INST MOD OTROS','A'),('7702001172153','17215','YOG BBLE KIOSKO FTILLA FUN 150G','A'),('7702001172160','17216','YOG BBLE KIOSKO MORA FUN 150G','A'),('7702001172177','17217','YOG BBLE KIOSKO DURAZNO FUN 150G','A'),('7861092112247','1224','MPLX4 BY BLCK VASO 165G','A'),('7861092120822','2082','MPLX4 RGN TZOS MULTSAB VASO 150G','A'),('7861092121218','2121','RGN CER PITA BOT 180G','A'),('7861092121225','2122','RGN CER PITA BOT 1000G','A'),('7861092121232','2123','RGN CER PITA BOT 1750G ECU','A'),('7861092131835','3183','MPLX6 AVENA ORIG VASO 250G','A'),('7861092140103','4010','RGN LGHT FTLLA BOT 180G','A'),('7861092140110','4011','RGN LGHT FTLLA BOT 1000G','A'),('7861092140127','4012','RGN LGHT FTLLA BOT 1750G','A'),('7861092140134','4013','MPLX4 RGN LGHT FTLLA BOT 180G','A'),('7861092141339','4133','MPLX6 RGN TZOS MULTSAB VASO 150G','A'),('7861092141346','4134','MPLX6 RGN BBLE MULTSAB BOT 180G','A'),('7861092141605','4160','RGN BBLE DZNO BOT 180G','A'),('7861092141612','4161','RGN BBLE DZNO BOT 1000G','A'),('7861092141629','4162','RGN BBLE FTLLA BOT 180G','A'),('7861092141636','4163','RGN BBLE FTLLA BOT 1000G','A'),('7861092142473','4247','RGN TZOS MOR BOT 1750G','A'),('7861092142480','4248','RGN TZOS DZNO BOT 1750G','A'),('7861092142497','4249','RGN TZOS FTLLA BOT 1750G','A'),('7861092148895','4889','RGN TZOS MOR BOT 1000G','A'),('7861092148949','4894','RGN TZOS FTLLA BOT 1000G','A'),('7861092148956','4895','RGN TZOS DZNO BOT 1000G','A'),('7861092149205','4920','RGN TZOS DZNO VASO 150G','A'),('7861092149212','4921','RGN TZOS FTLLA VASO 150G','A'),('7861092149236','4923','RGN TZOS MOR VASO 150 G','A'),('7861092152441','5244','RGN BBLE FTLLA BOT 1750G','A'),('7861092152755','5275','RGN BBLE DZNO BOT 1750G','A'),('7861092155107','5510','Q PARME KIOSKO RALL BOL 40G','A'),('7861092155114','5511','Q PARME KIOSKO RALL BOL 100G','A'),('7861092155121','5512','Q PARME KIOSKO RALL BOL 250G','A'),('7861092155138','5513','Q PARME KIOSKO RALL BOL 500G','A'),('7861092155237','5523','BY BLCK VASO 165G','A'),('7861092157019','5701','CREM LCH AGRIA KIOSKO GAR 3.5KG','A'),('7861092157033','5703','CREM LCH NAT KIOSKO GAR 3.5KG','A'),('7861092157064','5706','DULCE LCH KIOSKO VASO 250G','A'),('7861092157095','5709','DULCE LCH KIOSKO VASO 500G','A'),('7861092157118','5711','MQUILLA NAT KIOSKO 1KG','A'),('7861092157125','5712','MQUILLA NAT KIOSKO AL PESO','A'),('7861092157170','5717','Q AMERIC KIOSKO 20 LONJ 300G','A'),('7861092157262','5726','Q FRES CRIOL KIOSKO AL PESO','A'),('7861092157293','5729','Q MOZAR KIOSKO BLOQ 200G','A'),('7861092157309','5730','Q MOZAR KIOSKO BLOQ 350G','A'),('7861092157316','5731','Q MOZAR KIOSKO BLOQ 500G','A'),('7861092157323','5732','Q MOZAR KIOSKO BLOQ 700G','A'),('7861092157330','5733','Q MOZAR KIOSKO BLOQ 900G','A'),('7861092157354','5735','Q MOZAR LGHT KIOSKO BLOQ 200G','A'),('7861092157361','5736','Q MOZAR LGHT KIOSKO BLOQ 500G','A'),('7861092157378','5737','Q MOZAR LGHT KIOSKO BLOQ 700G','A'),('7861092157453','5745','Q MOZAR PIZZ KIOSKO AL PESO','A'),('7861092157460','5746','Q MOZAR PIZZ KIOSKO 20 LONJ 300G','A'),('7861092157477','5747','Q MOZAR PIZZ KIOSKO LONJ AL PESO','A'),('7861092157484','5748','Q MOZAR PIZZ KIOSKO RALL BOL 300G','A'),('7861092157491','5749','RQSON KIOSKO BLOQ 500G','A'),('7861092157507','5750','Q RICOTTA KIOSKO BLOQ 250G','A'),('7861092157538','5753','Q GOUDA KIOSKO BLOQ 350G','A'),('7861092157552','5755','Q HIERBAS KIOSKO AL PESO','A'),('7861092157576','5757','Q HIERBAS KIOSKO LONJ AL PESO','A'),('7861092157583','5758','Q HOLAN KIOSKO AL PESO','A'),('7861092157590','5759','Q HOLAN KIOSKO 20 LONJ 300G','A'),('7861092157606','5760','Q HOLAN KIOSKO 10 LONJ 150G','A'),('7861092157613','5761','Q HOLAN KIOSKO LONJ AL PESO','A'),('7861092157637','5763','Q JAVIER KIOSKO BLOQ 320G','A'),('7861092157644','5764','Q JAVIER KIOSKO AL PESO','A'),('7861092157651','5765','Q JAVIER KIOSKO 20 LONJ 300G','A'),('7861092157668','5766','Q JAVIER KIOSKO 10 LONJ 150G','A'),('7861092157675','5767','Q JAVIER KIOSKO LONJ AL PESO','A'),('7861092157699','5769','Q MIX ESPECIAL KIOSKO CUBO BOL 350G','A'),('7861092157705','5770','Q MIX ESPECIAL KIOSKO CUBO BOL 500G','A'),('7861092157712','5771','Q PROVO AHUM KIOSKO BLOQ 260G','A'),('7861092157729','5772','Q PROVO AHUM KIOSKO AL PESO','A'),('7861092157774','5777','Q SANDU KIOSKO 10 LONJ 150G','A'),('7861092157781','5778','Q SANDU KIOSKO 20 LONJ 300G','A'),('7861092157804','5780','Q MIX MEX KIOSKO RALL BOL 300G','A'),('7861092158184','5818','Q FRES KIOSKO BLOQ 450G','A'),('7861092182066','8206','MPLX6 AREQUIPE VASO 50G','A'),('7861092182080','8208','AREQUIPE GAR 4.6KG','A'),('7861092182608','8260','AREQUIPE VASO 250G ECU','A'),('7861092182615','8261','AREQUIPE VASO 500G ECU','A'),('7861092184145','8414','AREQUIPE VASO 50G ECU','A'),('7861092186534','8653','BY CHOCKRI VASO 169G','A'),('7861092186545','8654','BONYURT FRUTILLA ZUCARITAS','A'),('7861092186552','8655','BY ZUC VASO 170G ECU','A'),('7861092186569','8656','BY FROOT LOOPS VASO 154 G','A'),('7861092190887','9088','MPLX4 BY MULTSAB VASO ECU','A'),('7861092195998','4865','KUMIS ORIG BOT 1750G','A');
/*!40000 ALTER TABLE `codigosEAN` ENABLE KEYS */;
UNLOCK TABLES;

--
-- Table structure for table `conteos`
--

DROP TABLE IF EXISTS `conteos`;
/*!40101 SET @saved_cs_client     = @@character_set_client */;
/*!50503 SET character_set_client = utf8mb4 */;
CREATE TABLE `conteos` (
  `id` int NOT NULL AUTO_INCREMENT,
  `fecha` date NOT NULL,
  `entrega` varchar(10) NOT NULL,
  `codigoEAN` varchar(13) NOT NULL,
  `idproducto` varchar(10) NOT NULL,
  `can_conteo` decimal(8,2) NOT NULL,
  PRIMARY KEY (`id`),
  KEY `fk_conteos_productos_idx` (`idproducto`,`codigoEAN`),
  KEY `fk_conteos_codigosEAN_idx` (`codigoEAN`),
  CONSTRAINT `fk_conteos_codigoEAN` FOREIGN KEY (`codigoEAN`) REFERENCES `codigosEAN` (`codigoEAN`)
) ENGINE=InnoDB AUTO_INCREMENT=31 DEFAULT CHARSET=utf8mb4 COLLATE=utf8mb4_0900_ai_ci;
/*!40101 SET character_set_client = @saved_cs_client */;

--
-- Dumping data for table `conteos`
--

LOCK TABLES `conteos` WRITE;
/*!40000 ALTER TABLE `conteos` DISABLE KEYS */;
INSERT INTO `conteos` VALUES (27,'2024-12-04','814190616','7861092157033','5703',12.00),(28,'2024-12-04','814190616','7861092157583','5758',21.20),(29,'2024-12-04','814190616','7861092157644','5764',25.00),(30,'2024-12-04','814190616','7861092157675','5767',6.00);
/*!40000 ALTER TABLE `conteos` ENABLE KEYS */;
UNLOCK TABLES;

--
-- Temporary view structure for view `control_pedidos_dia`
--

DROP TABLE IF EXISTS `control_pedidos_dia`;
/*!50001 DROP VIEW IF EXISTS `control_pedidos_dia`*/;
SET @saved_cs_client     = @@character_set_client;
/*!50503 SET character_set_client = utf8mb4 */;
/*!50001 CREATE VIEW `control_pedidos_dia` AS SELECT 
 1 AS `fecha`,
 1 AS `idcentro`,
 1 AS `centro`,
 1 AS `ruta`,
 1 AS `estado`,
 1 AS `total_pedidos`*/;
SET character_set_client = @saved_cs_client;

--
-- Table structure for table `fechascortas`
--

DROP TABLE IF EXISTS `fechascortas`;
/*!40101 SET @saved_cs_client     = @@character_set_client */;
/*!50503 SET character_set_client = utf8mb4 */;
CREATE TABLE `fechascortas` (
  `id` int NOT NULL AUTO_INCREMENT,
  `fechatoma` date NOT NULL,
  `idcentro` varchar(4) NOT NULL,
  `idalmacen` varchar(4) NOT NULL,
  `idproducto` varchar(10) NOT NULL,
  `fechavencimiento` date NOT NULL,
  `cantidad` float NOT NULL,
  `estado` varchar(1) NOT NULL DEFAULT 'A',
  PRIMARY KEY (`id`),
  KEY `idcentro` (`idcentro`),
  KEY `idalmacen` (`idalmacen`),
  KEY `fk_fechascortas_productos_idx` (`idproducto`)
) ENGINE=InnoDB AUTO_INCREMENT=470 DEFAULT CHARSET=utf8mb4 COLLATE=utf8mb4_0900_ai_ci;
/*!40101 SET character_set_client = @saved_cs_client */;

--
-- Dumping data for table `fechascortas`
--

LOCK TABLES `fechascortas` WRITE;
/*!40000 ALTER TABLE `fechascortas` DISABLE KEYS */;
INSERT INTO `fechascortas` VALUES (145,'2024-11-28','7701','1080','12416','2024-12-16',35,'A'),(146,'2024-11-28','7701','1080','12529','2024-12-09',68,'A'),(147,'2024-11-28','7701','1080','12530','2024-12-08',77,'A'),(148,'2024-11-28','7701','1080','12548','2024-12-08',4,'A'),(149,'2024-11-28','7701','1080','12548','2024-12-14',8,'A'),(150,'2024-11-28','7701','1080','12624','2024-12-14',3,'A'),(151,'2024-11-28','7701','1080','14587','2024-12-08',126,'A'),(152,'2024-11-28','7701','1080','14715','2024-12-11',70.2,'A'),(153,'2024-11-28','7701','1080','16017','2024-12-08',13,'A'),(154,'2024-11-28','7701','1080','16366','2024-12-14',289,'A'),(155,'2024-11-28','7701','1080','16529','2024-12-15',15,'A'),(156,'2024-11-28','7701','1080','16680','2024-12-14',68,'A'),(157,'2024-11-28','7701','1080','17036','2024-12-18',8,'A'),(158,'2024-11-28','7701','1080','17036','2024-12-06',56,'A'),(159,'2024-11-28','7701','1080','17036','2024-12-13',5,'A'),(160,'2024-11-28','7701','1080','2082','2024-12-09',2,'A'),(161,'2024-11-28','7701','1080','2082','2024-12-13',19,'A'),(162,'2024-11-28','7701','1080','4011','2024-12-08',74,'A'),(163,'2024-11-28','7701','1080','4013','2024-12-08',105,'A'),(164,'2024-11-28','7701','1080','4133','2024-12-13',13,'A'),(165,'2024-11-28','7701','1080','5746','2024-12-13',37,'A'),(166,'2024-11-28','7701','1080','17052','2024-12-11',22,'A'),(167,'2024-11-28','7701','1080','17216','2024-12-14',401,'A'),(168,'2024-11-28','7701','1080','16368','2024-12-14',32,'A'),(169,'2024-11-28','7702','1001','11105','2024-12-14',14,'A'),(170,'2024-11-28','7702','1001','11106','2024-12-08',4,'A'),(171,'2024-11-28','7702','1001','11107','2024-12-01',4,'A'),(172,'2024-11-28','7702','1001','11107','2024-12-14',14,'A'),(173,'2024-11-28','7702','1001','11108','2024-12-08',22,'A'),(174,'2024-11-28','7702','1001','11109','2024-12-14',42,'A'),(175,'2024-11-28','7702','1001','11954','2024-12-08',18,'A'),(176,'2024-11-28','7702','1001','11954','2024-12-14',50,'A'),(177,'2024-11-28','7702','1001','12528','2024-12-15',2,'A'),(178,'2024-11-28','7702','1001','12530','2024-12-08',27,'A'),(179,'2024-11-28','7702','1001','12549','2024-12-06',10,'A'),(180,'2024-11-28','7702','1001','14644','2024-12-13',31,'A'),(181,'2024-11-28','7702','1001','16017','2024-12-08',6,'A'),(182,'2024-11-28','7702','1001','16018','2024-12-01',12,'A'),(183,'2024-11-28','7702','1001','16019','2024-12-14',10,'A'),(184,'2024-11-28','7702','1001','16366','2024-12-01',50,'A'),(185,'2024-11-28','7702','1001','16372','2024-12-14',17,'A'),(186,'2024-11-28','7702','1001','16373','2024-12-14',33,'A'),(187,'2024-11-28','7702','1001','16374','2024-12-14',44,'A'),(188,'2024-11-28','7702','1001','2082','2024-12-13',21,'A'),(189,'2024-11-28','7702','1001','2123','2024-12-05',4,'A'),(190,'2024-11-28','7702','1001','4011','2024-12-08',7,'A'),(191,'2024-11-28','7702','1001','4161','2024-12-01',10,'A'),(192,'2024-11-28','7702','1001','4162','2024-12-14',242,'A'),(193,'2024-11-28','7702','1001','4248','2024-12-07',8,'A'),(194,'2024-11-28','7702','1001','4889','2024-12-14',9,'A'),(195,'2024-11-28','7702','1001','5244','2024-12-01',8,'A'),(196,'2024-11-28','7702','1001','5275','2024-12-06',8,'A'),(197,'2024-11-28','7702','1001','5750','2024-12-05',120,'A'),(198,'2024-11-28','7702','1001','4249','2024-12-01',4,'A'),(199,'2024-11-28','7711','1001','10663','2024-12-15',6,'A'),(200,'2024-11-28','7711','1001','10984','2024-12-15',1,'A'),(201,'2024-11-28','7711','1001','10986','2024-12-15',105,'A'),(202,'2024-11-28','7711','1001','11106','2024-12-08',12,'A'),(203,'2024-11-28','7711','1001','11106','2024-12-14',16,'A'),(204,'2024-11-28','7711','1001','11107','2024-12-14',7,'A'),(205,'2024-11-28','7711','1001','11108','2024-12-08',24,'A'),(206,'2024-11-28','7711','1001','11108','2024-12-14',3,'A'),(207,'2024-11-28','7711','1001','11175','2024-12-14',2,'A'),(208,'2024-11-28','7711','1001','11796','2024-12-09',142,'A'),(209,'2024-11-28','7711','1001','11796','2024-12-12',804,'A'),(210,'2024-11-28','7711','1001','11796','2024-12-15',102,'A'),(211,'2024-11-28','7711','1001','11954','2024-12-14',36,'A'),(212,'2024-11-28','7711','1001','11955','2024-12-08',14,'A'),(213,'2024-11-28','7711','1001','11955','2024-12-14',36,'A'),(214,'2024-11-28','7711','1001','11955','2024-12-13',67,'A'),(215,'2024-11-28','7711','1001','12035','2024-12-11',28,'A'),(216,'2024-11-28','7711','1001','12035','2024-12-12',381,'A'),(217,'2024-11-28','7711','1001','12035','2024-12-18',300,'A'),(218,'2024-11-28','7711','1001','12035','2024-12-14',439,'A'),(219,'2024-11-28','7711','1001','12035','2024-12-06',38,'A'),(220,'2024-11-28','7711','1001','12528','2024-12-15',13,'A'),(221,'2024-11-28','7711','1001','12529','2024-12-09',3,'A'),(222,'2024-11-28','7711','1001','12530','2024-12-08',22,'A'),(223,'2024-11-28','7711','1001','12548','2024-12-08',17,'A'),(224,'2024-11-28','7711','1001','12548','2024-12-06',14,'A'),(225,'2024-11-28','7711','1001','12550','2024-12-15',6,'A'),(226,'2024-11-28','7711','1001','14164','2024-12-06',41,'A'),(227,'2024-11-28','7711','1001','14165','2024-12-06',18,'A'),(228,'2024-11-28','7711','1001','14587','2024-12-08',71,'A'),(229,'2024-11-28','7711','1001','14606','2024-12-14',2,'A'),(230,'2024-11-28','7711','1001','14607','2024-12-08',153,'A'),(231,'2024-11-28','7711','1001','14714','2024-12-12',60,'A'),(232,'2024-11-28','7711','1001','14714','2024-12-16',40,'A'),(233,'2024-11-28','7711','1001','14715','2024-12-16',12,'A'),(234,'2024-11-28','7711','1001','15592','2024-12-15',2,'A'),(235,'2024-11-28','7711','1001','15594','2024-12-08',10,'A'),(236,'2024-11-28','7711','1001','16078','2024-12-09',1,'A'),(237,'2024-11-28','7711','1001','16078','2024-12-16',148,'A'),(238,'2024-11-28','7711','1001','16157','2024-12-12',31,'A'),(239,'2024-11-28','7711','1001','16157','2024-12-14',15,'A'),(240,'2024-11-28','7711','1001','16233','2024-12-08',35,'A'),(241,'2024-11-28','7711','1001','16366','2024-12-08',70,'A'),(242,'2024-11-28','7711','1001','16372','2024-12-14',39,'A'),(243,'2024-11-28','7711','1001','16372','2024-12-06',128,'A'),(244,'2024-11-28','7711','1001','16374','2024-12-14',53,'A'),(245,'2024-11-28','7711','1001','16374','2024-12-06',137,'A'),(246,'2024-11-28','7711','1001','16530','2024-12-02',16,'A'),(247,'2024-11-28','7711','1001','16530','2024-12-15',1354,'A'),(248,'2024-11-28','7711','1001','16679','2024-12-05',16,'A'),(249,'2024-11-28','7711','1001','17036','2024-12-13',51,'A'),(250,'2024-11-28','7711','1001','17113','2024-12-12',16,'A'),(251,'2024-11-28','7711','1001','17114','2024-12-14',7,'A'),(252,'2024-11-28','7711','1001','17115','2024-12-14',22,'A'),(253,'2024-11-28','7711','1001','17116','2024-12-14',85,'A'),(254,'2024-11-28','7711','1001','17117','2024-12-13',96,'A'),(255,'2024-11-28','7711','1001','2123','2024-12-08',102,'A'),(256,'2024-11-28','7711','1001','2123','2024-12-15',87,'A'),(257,'2024-11-28','7711','1001','2123','2024-12-14',69,'A'),(258,'2024-11-28','7711','1001','4013','2024-12-08',12,'A'),(259,'2024-11-28','7711','1001','4133','2024-12-13',10,'A'),(260,'2024-11-28','7711','1001','4162','2024-12-14',132,'A'),(261,'2024-11-28','7711','1001','4162','2024-12-13',151,'A'),(262,'2024-11-28','7711','1001','4247','2024-12-05',9,'A'),(263,'2024-11-28','7711','1001','4247','2024-12-14',101,'A'),(264,'2024-11-28','7711','1001','4889','2024-12-14',18,'A'),(265,'2024-11-28','7711','1001','4895','2024-12-06',51,'A'),(266,'2024-11-28','7711','1001','4921','2024-12-18',110,'A'),(267,'2024-11-28','7711','1001','4921','2024-12-14',73,'A'),(268,'2024-11-28','7711','1001','4921','2024-12-13',155,'A'),(269,'2024-11-28','7711','1001','4923','2024-12-09',56,'A'),(270,'2024-11-28','7711','1001','4923','2024-12-06',78,'A'),(271,'2024-11-28','7711','1001','5244','2024-12-14',6,'A'),(272,'2024-11-28','7711','1001','5275','2024-12-06',53,'A'),(273,'2024-11-28','7711','1001','5701','2024-12-13',64,'A'),(274,'2024-11-28','7711','1001','5703','2024-12-18',81,'A'),(275,'2024-11-28','7711','1001','5709','2024-12-13',16,'A'),(276,'2024-11-28','7711','1001','5730','2024-12-15',1,'A'),(277,'2024-11-28','7711','1001','5730','2024-12-18',10,'A'),(278,'2024-11-28','7711','1001','5735','2024-12-14',1,'A'),(279,'2024-11-28','7711','1001','5746','2024-12-13',20,'A'),(280,'2024-11-28','7711','1001','6219239','2024-12-06',91,'A'),(281,'2024-11-28','7711','1001','8656','2024-12-12',3,'A'),(282,'2024-11-28','7711','1001','9088','2024-12-05',5,'A'),(283,'2024-11-28','7711','1001','9088','2024-12-15',8,'A'),(284,'2024-11-28','7711','1001','5726','2024-12-18',63,'A'),(285,'2024-11-28','7711','1001','10653','2024-12-12',7,'A'),(286,'2024-11-28','7711','1001','10654','2024-12-15',420,'A'),(287,'2024-11-28','7711','1001','1224','2024-12-05',11,'A'),(288,'2024-11-28','7711','1001','17262','2024-12-09',287,'A'),(289,'2024-11-28','7711','1001','16495','2024-12-11',2,'A'),(290,'2024-11-28','7711','1001','16495','2024-12-18',20,'A'),(291,'2024-11-28','7711','1001','17052','2024-12-11',90,'A'),(292,'2024-11-28','7711','1001','5748','2024-12-18',68,'A'),(355,'2024-11-29','7701','1080','12416','2024-12-16',35,'A'),(356,'2024-11-29','7701','1080','12529','2024-12-09',68,'A'),(357,'2024-11-29','7701','1080','12530','2024-12-08',77,'A'),(358,'2024-11-29','7701','1080','12548','2024-12-08',4,'A'),(359,'2024-11-29','7701','1080','12548','2024-12-14',8,'A'),(360,'2024-11-29','7701','1080','12624','2024-12-14',3,'A'),(361,'2024-11-29','7701','1080','14587','2024-12-08',126,'A'),(362,'2024-11-29','7701','1080','14715','2024-12-11',70.2,'A'),(363,'2024-11-29','7701','1080','16017','2024-12-08',13,'A'),(364,'2024-11-29','7701','1080','16366','2024-12-14',289,'A'),(365,'2024-11-29','7701','1080','16529','2024-12-15',15,'A'),(366,'2024-11-29','7701','1080','16680','2024-12-14',68,'A'),(367,'2024-11-29','7701','1080','17036','2024-12-18',8,'A'),(368,'2024-11-29','7701','1080','17036','2024-12-06',56,'A'),(369,'2024-11-29','7701','1080','17036','2024-12-13',5,'A'),(370,'2024-11-29','7701','1080','2082','2024-12-09',2,'A'),(371,'2024-11-29','7701','1080','2082','2024-12-13',19,'A'),(372,'2024-11-29','7701','1080','4011','2024-12-08',74,'A'),(373,'2024-11-29','7701','1080','4013','2024-12-08',105,'A'),(374,'2024-11-29','7701','1080','4133','2024-12-13',13,'A'),(375,'2024-11-29','7701','1080','5746','2024-12-13',37,'A'),(376,'2024-11-29','7701','1080','17052','2024-12-11',22,'A'),(377,'2024-11-29','7701','1080','17216','2024-12-14',401,'A'),(378,'2024-11-29','7701','1080','16368','2024-12-14',32,'A'),(386,'2024-11-29','7701','1080','12548','2024-12-28',99,'A'),(387,'2024-11-29','7701','1080','12548','2024-11-23',88,'A'),(388,'2024-11-29','7701','1080','12548','2024-11-08',100,'A'),(389,'2024-11-29','7701','1080','6219239','2024-11-30',1500,'A'),(390,'2024-11-29','7701','1080','6219239','2024-12-02',5,'A'),(391,'2024-11-29','7701','1080','6219239','2024-12-07',1000,'A'),(392,'2024-11-29','7701','1080','6219239','2025-01-01',50,'A'),(393,'2024-11-29','7701','1080','20282','2024-12-06',7,'A'),(394,'2024-11-29','7701','1080','2082','2024-12-07',10,'A'),(395,'2024-11-29','7701','1080','None','2024-11-30',2,'A'),(396,'2024-11-29','7701','1080','None','2024-11-30',3,'A'),(397,'2024-11-29','7701','1080','None','2024-12-07',3,'A'),(398,'2024-11-29','7701','1080','None','2024-12-06',4,'A'),(399,'2024-11-29','7701','1080','None','2024-12-05',5,'A'),(400,'2024-11-29','7701','1080','6219239','2024-12-12',8,'A'),(401,'2024-11-29','7701','1080','8653','2024-11-30',9,'A'),(402,'2024-11-29','7701','1080','8653','2024-11-30',69,'A'),(403,'2024-12-03','7701','1080','12416','2024-12-16',35,'A'),(404,'2024-12-03','7701','1080','12529','2024-12-09',68,'A'),(405,'2024-12-03','7701','1080','12530','2024-12-08',77,'A'),(406,'2024-12-03','7701','1080','12548','2024-12-08',4,'A'),(407,'2024-12-03','7701','1080','12548','2024-12-14',8,'A'),(408,'2024-12-03','7701','1080','12624','2024-12-14',3,'A'),(409,'2024-12-03','7701','1080','14587','2024-12-08',126,'A'),(410,'2024-12-03','7701','1080','14715','2024-12-11',60,'A'),(411,'2024-12-03','7701','1080','16017','2024-12-08',13,'A'),(412,'2024-12-03','7701','1080','16366','2024-12-14',289,'A'),(413,'2024-12-03','7701','1080','16529','2024-12-15',15,'A'),(414,'2024-12-03','7701','1080','16680','2024-12-14',68,'A'),(415,'2024-12-03','7701','1080','17036','2024-12-18',8,'A'),(416,'2024-12-03','7701','1080','17036','2024-12-06',56,'A'),(417,'2024-12-03','7701','1080','17036','2024-12-13',5,'A'),(418,'2024-12-03','7701','1080','2082','2024-12-09',2,'A'),(419,'2024-12-03','7701','1080','2082','2024-12-13',19,'A'),(420,'2024-12-03','7701','1080','4011','2024-12-08',74,'A'),(421,'2024-12-03','7701','1080','4013','2024-12-08',105,'A'),(422,'2024-12-03','7701','1080','4133','2024-12-13',13,'A'),(423,'2024-12-03','7701','1080','5746','2024-12-13',37,'A'),(424,'2024-12-03','7701','1080','17052','2024-12-11',22,'A'),(425,'2024-12-03','7701','1080','17216','2024-12-14',401,'A'),(426,'2024-12-03','7701','1080','16368','2024-12-14',32,'A'),(427,'2024-12-03','7701','1080','12548','2024-12-28',99,'A'),(428,'2024-12-03','7701','1080','12548','2024-11-23',88,'A'),(429,'2024-12-03','7701','1080','12548','2024-11-08',100,'A'),(430,'2024-12-03','7701','1080','6219239','2024-11-30',1500,'A'),(431,'2024-12-03','7701','1080','6219239','2024-12-02',5,'A'),(432,'2024-12-03','7701','1080','6219239','2024-12-07',1000,'A'),(433,'2024-12-03','7701','1080','6219239','2025-01-01',50,'A'),(434,'2024-12-03','7701','1080','20282','2024-12-06',7,'A'),(435,'2024-12-03','7701','1080','2082','2024-12-07',10,'A'),(436,'2024-12-03','7701','1080','None','2024-11-30',2,'A'),(437,'2024-12-03','7701','1080','None','2024-11-30',3,'A'),(438,'2024-12-03','7701','1080','None','2024-12-07',3,'A'),(439,'2024-12-03','7701','1080','None','2024-12-06',4,'A'),(440,'2024-12-03','7701','1080','None','2024-12-05',5,'A'),(441,'2024-12-03','7701','1080','6219239','2024-12-12',8,'A'),(442,'2024-12-03','7701','1080','8653','2024-11-30',9,'A'),(443,'2024-12-03','7701','1080','8653','2024-11-30',69,'A'),(466,'2024-12-03','7701','1080','14715','2024-12-12',50,'A'),(467,'2024-12-03','7701','1080','5731','2024-12-27',1000,'A'),(468,'2024-12-03','7701','1080','5732','2024-12-13',45,'A'),(469,'2024-12-03','7701','1080','5731','2024-12-27',500,'A');
/*!40000 ALTER TABLE `fechascortas` ENABLE KEYS */;
UNLOCK TABLES;

--
-- Table structure for table `motivos`
--

DROP TABLE IF EXISTS `motivos`;
/*!40101 SET @saved_cs_client     = @@character_set_client */;
/*!50503 SET character_set_client = utf8mb4 */;
CREATE TABLE `motivos` (
  `idmotivo` varchar(2) NOT NULL,
  `motivo_descripcion` varchar(30) NOT NULL,
  PRIMARY KEY (`idmotivo`)
) ENGINE=InnoDB DEFAULT CHARSET=utf8mb4 COLLATE=utf8mb4_0900_ai_ci;
/*!40101 SET character_set_client = @saved_cs_client */;

--
-- Dumping data for table `motivos`
--

LOCK TABLES `motivos` WRITE;
/*!40000 ALTER TABLE `motivos` DISABLE KEYS */;
INSERT INTO `motivos` VALUES ('01','Error estacion'),('02','No cumple ANS'),('03','Fecha corta'),('04','No conforme calidad');
/*!40000 ALTER TABLE `motivos` ENABLE KEYS */;
UNLOCK TABLES;

--
-- Table structure for table `pedidos`
--

DROP TABLE IF EXISTS `pedidos`;
/*!40101 SET @saved_cs_client     = @@character_set_client */;
/*!50503 SET character_set_client = utf8mb4 */;
CREATE TABLE `pedidos` (
  `id` int NOT NULL AUTO_INCREMENT,
  `fecha` datetime NOT NULL,
  `idcentro` varchar(4) NOT NULL,
  `idcliente` varchar(10) CHARACTER SET armscii8 COLLATE armscii8_general_ci NOT NULL,
  `cliente` varchar(120) NOT NULL,
  `num_transporte` varchar(10) NOT NULL,
  `ruta` varchar(10) NOT NULL,
  `num_entrega` varchar(10) NOT NULL,
  `idproducto` varchar(10) NOT NULL,
  `cantidad_pedido` decimal(8,2) NOT NULL,
  `cantidad_contada` decimal(8,2) NOT NULL DEFAULT '0.00',
  `cantidad_despachada` decimal(8,2) NOT NULL,
  `diferencial` decimal(8,2) NOT NULL DEFAULT '0.00',
  `idmotivo` varchar(2) DEFAULT NULL,
  `estado` varchar(1) NOT NULL DEFAULT 'A',
  `valida` int NOT NULL,
  PRIMARY KEY (`id`),
  KEY `ix_productos` (`fecha`,`ruta`,`idcliente`,`idproducto`) USING BTREE,
  KEY `fk_pedidos_motivos_idx` (`idmotivo`),
  KEY `fk_pedidos_centro_idx` (`idcentro`),
  KEY `fk_pedidos_productos_idx` (`idproducto`),
  CONSTRAINT `fk_pedidos_centros` FOREIGN KEY (`idcentro`) REFERENCES `centros` (`idcentro`)
) ENGINE=InnoDB AUTO_INCREMENT=1392 DEFAULT CHARSET=utf8mb4 COLLATE=utf8mb4_0900_ai_ci;
/*!40101 SET character_set_client = @saved_cs_client */;

--
-- Dumping data for table `pedidos`
--

LOCK TABLES `pedidos` WRITE;
/*!40000 ALTER TABLE `pedidos` DISABLE KEYS */;
INSERT INTO `pedidos` VALUES (1,'2024-12-02 00:00:00','7711','1000037116','MAITA SUSANA ESTER','50640324','EGU086','814190515','8208',4.00,0.00,0.00,0.00,NULL,'A',1),(2,'2024-12-02 00:00:00','7711','1000039032','RIVERA ROMERO GLADYS IMELDA','50640324','EGU084','814190513','17155',10.00,0.00,0.00,0.00,NULL,'A',1),(3,'2024-12-02 00:00:00','7711','1000041663','COMERCIALECOSUIZA CIA LTDA','50640324','EGU084','814190505','15592',3.00,0.00,0.00,0.00,NULL,'A',1),(4,'2024-12-02 00:00:00','7711','1000041663','COMERCIALECOSUIZA CIA LTDA','50640324','EGU084','814190505','15997',3.00,0.00,0.00,0.00,NULL,'A',1),(5,'2024-12-02 00:00:00','7711','1000041663','COMERCIALECOSUIZA CIA LTDA','50640324','EGU084','814190505','16156',6.00,0.00,0.00,0.00,NULL,'A',1),(6,'2024-12-02 00:00:00','7711','1000041663','COMERCIALECOSUIZA CIA LTDA','50640324','EGU084','814190505','16158',3.00,0.00,0.00,0.00,NULL,'A',1),(7,'2024-12-02 00:00:00','7711','1000041663','COMERCIALECOSUIZA CIA LTDA','50640324','EGU084','814190505','16511',2.00,0.00,0.00,0.00,NULL,'A',1),(8,'2024-12-02 00:00:00','7711','1000041663','COMERCIALECOSUIZA CIA LTDA','50640324','EGU084','814190505','16513',4.00,0.00,0.00,0.00,NULL,'A',1),(9,'2024-12-02 00:00:00','7711','1000041663','COMERCIALECOSUIZA CIA LTDA','50640324','EGU084','814190505','16514',2.00,0.00,0.00,0.00,NULL,'A',1),(10,'2024-12-02 00:00:00','7711','1000041663','COMERCIALECOSUIZA CIA LTDA','50640324','EGU084','814190505','5746',4.00,0.00,0.00,0.00,NULL,'A',1),(11,'2024-12-02 00:00:00','7711','1000041663','COMERCIALECOSUIZA CIA LTDA','50640324','EGU084','814190505','12036',3.00,0.00,0.00,0.00,NULL,'A',1),(12,'2024-12-02 00:00:00','7711','1000041663','COMERCIALECOSUIZA CIA LTDA','50640324','EGU084','814190505','5729',12.00,0.00,0.00,0.00,NULL,'A',1),(13,'2024-12-02 00:00:00','7711','1000041663','COMERCIALECOSUIZA CIA LTDA','50640324','EGU084','814190505','5730',4.00,0.00,0.00,0.00,NULL,'A',1),(14,'2024-12-02 00:00:00','7711','1000041663','COMERCIALECOSUIZA CIA LTDA','50640324','EGU084','814190505','5731',6.00,0.00,0.00,0.00,NULL,'A',1),(15,'2024-12-02 00:00:00','7711','1000041663','COMERCIALECOSUIZA CIA LTDA','50640324','EGU084','814190505','5732',2.00,0.00,0.00,0.00,NULL,'A',1),(16,'2024-12-02 00:00:00','7711','1000041663','COMERCIALECOSUIZA CIA LTDA','50640324','EGU084','814190505','5735',7.00,0.00,0.00,0.00,NULL,'A',1),(17,'2024-12-02 00:00:00','7711','1000041663','COMERCIALECOSUIZA CIA LTDA','50640324','EGU084','814190505','5736',2.00,0.00,0.00,0.00,NULL,'A',1),(18,'2024-12-02 00:00:00','7711','1000041663','COMERCIALECOSUIZA CIA LTDA','50640324','EGU084','814190505','5523',6.00,0.00,0.00,0.00,NULL,'A',1),(19,'2024-12-02 00:00:00','7711','1000041663','COMERCIALECOSUIZA CIA LTDA','50640324','EGU084','814190505','5512',3.00,0.00,0.00,0.00,NULL,'A',1),(20,'2024-12-02 00:00:00','7711','1000041663','COMERCIALECOSUIZA CIA LTDA','50640324','EGU084','814190505','4450239',3.00,0.00,0.00,0.00,NULL,'A',1),(21,'2024-12-02 00:00:00','7711','1000041663','COMERCIALECOSUIZA CIA LTDA','50640324','EGU084','814190505','4921',3.00,0.00,0.00,0.00,NULL,'A',1),(22,'2024-12-02 00:00:00','7711','1000041663','COMERCIALECOSUIZA CIA LTDA','50640324','EGU084','814190505','6222239',3.00,0.00,0.00,0.00,NULL,'A',1),(23,'2024-12-02 00:00:00','7711','1000041663','COMERCIALECOSUIZA CIA LTDA','50640324','EGU084','814190505','10653',10.00,0.00,0.00,0.00,NULL,'A',1),(24,'2024-12-02 00:00:00','7711','1000041663','COMERCIALECOSUIZA CIA LTDA','50640324','EGU084','814190505','10654',10.00,0.00,0.00,0.00,NULL,'A',1),(25,'2024-12-02 00:00:00','7711','1000041663','COMERCIALECOSUIZA CIA LTDA','50640324','EGU084','814190505','10990',12.00,0.00,0.00,0.00,NULL,'A',1),(26,'2024-12-02 00:00:00','7711','1000041663','COMERCIALECOSUIZA CIA LTDA','50640324','EGU084','814190505','12299',6.00,0.00,0.00,0.00,NULL,'A',1),(27,'2024-12-02 00:00:00','7711','1000041663','COMERCIALECOSUIZA CIA LTDA','50640324','EGU084','814190505','4162',6.00,0.00,0.00,0.00,NULL,'A',1),(28,'2024-12-02 00:00:00','7711','1000041663','COMERCIALECOSUIZA CIA LTDA','50640324','EGU084','814190499','16156',3.00,0.00,0.00,0.00,NULL,'A',1),(29,'2024-12-02 00:00:00','7711','1000041663','COMERCIALECOSUIZA CIA LTDA','50640324','EGU084','814190499','16157',3.00,0.00,0.00,0.00,NULL,'A',1),(30,'2024-12-02 00:00:00','7711','1000041663','COMERCIALECOSUIZA CIA LTDA','50640324','EGU084','814190499','16510',6.00,0.00,0.00,0.00,NULL,'A',1),(31,'2024-12-02 00:00:00','7711','1000041663','COMERCIALECOSUIZA CIA LTDA','50640324','EGU084','814190499','16511',2.00,0.00,0.00,0.00,NULL,'A',1),(32,'2024-12-02 00:00:00','7711','1000041663','COMERCIALECOSUIZA CIA LTDA','50640324','EGU084','814190499','16512',2.00,0.00,0.00,0.00,NULL,'A',1),(33,'2024-12-02 00:00:00','7711','1000041663','COMERCIALECOSUIZA CIA LTDA','50640324','EGU084','814190499','16513',4.00,0.00,0.00,0.00,NULL,'A',1),(34,'2024-12-02 00:00:00','7711','1000041663','COMERCIALECOSUIZA CIA LTDA','50640324','EGU084','814190499','16514',4.00,0.00,0.00,0.00,NULL,'A',1),(35,'2024-12-02 00:00:00','7711','1000041663','COMERCIALECOSUIZA CIA LTDA','50640324','EGU084','814190499','16515',6.00,0.00,0.00,0.00,NULL,'A',1),(36,'2024-12-02 00:00:00','7711','1000041663','COMERCIALECOSUIZA CIA LTDA','50640324','EGU084','814190499','5706',3.00,0.00,0.00,0.00,NULL,'A',1),(37,'2024-12-02 00:00:00','7711','1000041663','COMERCIALECOSUIZA CIA LTDA','50640324','EGU084','814190499','12035',6.00,0.00,0.00,0.00,NULL,'A',1),(38,'2024-12-02 00:00:00','7711','1000041663','COMERCIALECOSUIZA CIA LTDA','50640324','EGU084','814190499','12036',3.00,0.00,0.00,0.00,NULL,'A',1),(39,'2024-12-02 00:00:00','7711','1000041663','COMERCIALECOSUIZA CIA LTDA','50640324','EGU084','814190499','5729',6.00,0.00,0.00,0.00,NULL,'A',1),(40,'2024-12-02 00:00:00','7711','1000041663','COMERCIALECOSUIZA CIA LTDA','50640324','EGU084','814190499','5731',6.00,0.00,0.00,0.00,NULL,'A',1),(41,'2024-12-02 00:00:00','7711','1000041663','COMERCIALECOSUIZA CIA LTDA','50640324','EGU084','814190499','5735',6.00,0.00,0.00,0.00,NULL,'A',1),(42,'2024-12-02 00:00:00','7711','1000041663','COMERCIALECOSUIZA CIA LTDA','50640324','EGU084','814190499','4920',3.00,0.00,0.00,0.00,NULL,'A',1),(43,'2024-12-02 00:00:00','7711','1000041663','COMERCIALECOSUIZA CIA LTDA','50640324','EGU084','814190499','4921',3.00,0.00,0.00,0.00,NULL,'A',1),(44,'2024-12-02 00:00:00','7711','1000041663','COMERCIALECOSUIZA CIA LTDA','50640324','EGU084','814190499','4923',3.00,0.00,0.00,0.00,NULL,'A',1),(45,'2024-12-02 00:00:00','7711','1000041663','COMERCIALECOSUIZA CIA LTDA','50640324','EGU084','814190499','10990',6.00,0.00,0.00,0.00,NULL,'A',1),(46,'2024-12-02 00:00:00','7711','1000041663','COMERCIALECOSUIZA CIA LTDA','50640324','EGU084','814190499','12299',9.00,0.00,0.00,0.00,NULL,'A',1),(47,'2024-12-02 00:00:00','7711','1000036737','CARRASCO VINTIMILLA FABIAN VLADIM','50640324','EGU086','814190345','17155',3.00,0.00,0.00,0.00,NULL,'A',1),(48,'2024-12-02 00:00:00','7711','1000023680','GIL JARA JAVIER OSWALDO','50640324','EGU074','814190320','5717',2.00,0.00,0.00,0.00,NULL,'A',1),(49,'2024-12-02 00:00:00','7711','1000023680','GIL JARA JAVIER OSWALDO','50640324','EGU074','814190320','15593',3.00,0.00,0.00,0.00,NULL,'A',1),(50,'2024-12-02 00:00:00','7711','1000023680','GIL JARA JAVIER OSWALDO','50640324','EGU074','814190320','16078',6.00,0.00,0.00,0.00,NULL,'A',1),(51,'2024-12-02 00:00:00','7711','1000023680','GIL JARA JAVIER OSWALDO','50640324','EGU074','814190320','16156',5.00,0.00,0.00,0.00,NULL,'A',1),(52,'2024-12-02 00:00:00','7711','1000023680','GIL JARA JAVIER OSWALDO','50640324','EGU074','814190320','16157',3.00,0.00,0.00,0.00,NULL,'A',1),(53,'2024-12-02 00:00:00','7711','1000023680','GIL JARA JAVIER OSWALDO','50640324','EGU074','814190320','16231',2.00,0.00,0.00,0.00,NULL,'A',1),(54,'2024-12-02 00:00:00','7711','1000023680','GIL JARA JAVIER OSWALDO','50640324','EGU074','814190320','16232',4.00,0.00,0.00,0.00,NULL,'A',1),(55,'2024-12-02 00:00:00','7711','1000023680','GIL JARA JAVIER OSWALDO','50640324','EGU074','814190320','16272',1.00,0.00,0.00,0.00,NULL,'A',1),(56,'2024-12-02 00:00:00','7711','1000023680','GIL JARA JAVIER OSWALDO','50640324','EGU074','814190320','16372',2.00,0.00,0.00,0.00,NULL,'A',1),(57,'2024-12-02 00:00:00','7711','1000023680','GIL JARA JAVIER OSWALDO','50640324','EGU074','814190320','16515',6.00,0.00,0.00,0.00,NULL,'A',1),(58,'2024-12-02 00:00:00','7711','1000023680','GIL JARA JAVIER OSWALDO','50640324','EGU074','814190320','16744',6.00,0.00,0.00,0.00,NULL,'A',1),(59,'2024-12-02 00:00:00','7711','1000023680','GIL JARA JAVIER OSWALDO','50640324','EGU074','814190320','16745',2.00,0.00,0.00,0.00,NULL,'A',1),(60,'2024-12-02 00:00:00','7711','1000023680','GIL JARA JAVIER OSWALDO','50640324','EGU074','814190320','17113',3.00,0.00,0.00,0.00,NULL,'A',1),(61,'2024-12-02 00:00:00','7711','1000023680','GIL JARA JAVIER OSWALDO','50640324','EGU074','814190320','17116',4.00,0.00,0.00,0.00,NULL,'A',1),(62,'2024-12-02 00:00:00','7711','1000023680','GIL JARA JAVIER OSWALDO','50640324','EGU074','814190320','17262',2.00,0.00,0.00,0.00,NULL,'A',1),(63,'2024-12-02 00:00:00','7711','1000023680','GIL JARA JAVIER OSWALDO','50640324','EGU074','814190320','17350',3.00,0.00,0.00,0.00,NULL,'A',1),(64,'2024-12-02 00:00:00','7711','1000023680','GIL JARA JAVIER OSWALDO','50640324','EGU074','814190320','17370',3.00,0.00,0.00,0.00,NULL,'A',1),(65,'2024-12-02 00:00:00','7711','1000023680','GIL JARA JAVIER OSWALDO','50640324','EGU074','814190320','8260',2.00,0.00,0.00,0.00,NULL,'A',1),(66,'2024-12-02 00:00:00','7711','1000023680','GIL JARA JAVIER OSWALDO','50640324','EGU074','814190320','5709',1.00,0.00,0.00,0.00,NULL,'A',1),(67,'2024-12-02 00:00:00','7711','1000023680','GIL JARA JAVIER OSWALDO','50640324','EGU074','814190320','12035',4.00,0.00,0.00,0.00,NULL,'A',1),(68,'2024-12-02 00:00:00','7711','1000023680','GIL JARA JAVIER OSWALDO','50640324','EGU074','814190320','5746',1.00,0.00,0.00,0.00,NULL,'A',1),(69,'2024-12-02 00:00:00','7711','1000023680','GIL JARA JAVIER OSWALDO','50640324','EGU074','814190320','12036',4.00,0.00,0.00,0.00,NULL,'A',1),(70,'2024-12-02 00:00:00','7711','1000023680','GIL JARA JAVIER OSWALDO','50640324','EGU074','814190320','5780',2.00,0.00,0.00,0.00,NULL,'A',1),(71,'2024-12-02 00:00:00','7711','1000023680','GIL JARA JAVIER OSWALDO','50640324','EGU074','814190320','5769',1.00,0.00,0.00,0.00,NULL,'A',1),(72,'2024-12-02 00:00:00','7711','1000023680','GIL JARA JAVIER OSWALDO','50640324','EGU074','814190320','12037',1.00,0.00,0.00,0.00,NULL,'A',1),(73,'2024-12-02 00:00:00','7711','1000023680','GIL JARA JAVIER OSWALDO','50640324','EGU074','814190320','5778',2.00,0.00,0.00,0.00,NULL,'A',1),(74,'2024-12-02 00:00:00','7711','1000023680','GIL JARA JAVIER OSWALDO','50640324','EGU074','814190320','5729',8.00,0.00,0.00,0.00,NULL,'A',1),(75,'2024-12-02 00:00:00','7711','1000023680','GIL JARA JAVIER OSWALDO','50640324','EGU074','814190320','5730',7.00,0.00,0.00,0.00,NULL,'A',1),(76,'2024-12-02 00:00:00','7711','1000023680','GIL JARA JAVIER OSWALDO','50640324','EGU074','814190320','5731',7.00,0.00,0.00,0.00,NULL,'A',1),(77,'2024-12-02 00:00:00','7711','1000023680','GIL JARA JAVIER OSWALDO','50640324','EGU074','814190320','5732',1.00,0.00,0.00,0.00,NULL,'A',1),(78,'2024-12-02 00:00:00','7711','1000023680','GIL JARA JAVIER OSWALDO','50640324','EGU074','814190320','5735',10.00,0.00,0.00,0.00,NULL,'A',1),(79,'2024-12-02 00:00:00','7711','1000023680','GIL JARA JAVIER OSWALDO','50640324','EGU074','814190320','5736',3.00,0.00,0.00,0.00,NULL,'A',1),(80,'2024-12-02 00:00:00','7711','1000023680','GIL JARA JAVIER OSWALDO','50640324','EGU074','814190320','10096',2.00,0.00,0.00,0.00,NULL,'A',1),(81,'2024-12-02 00:00:00','7711','1000023680','GIL JARA JAVIER OSWALDO','50640324','EGU074','814190320','5523',4.00,0.00,0.00,0.00,NULL,'A',1),(82,'2024-12-02 00:00:00','7711','1000023680','GIL JARA JAVIER OSWALDO','50640324','EGU074','814190320','11796',4.00,0.00,0.00,0.00,NULL,'A',1),(83,'2024-12-02 00:00:00','7711','1000023680','GIL JARA JAVIER OSWALDO','50640324','EGU074','814190320','5510',10.00,0.00,0.00,0.00,NULL,'A',1),(84,'2024-12-02 00:00:00','7711','1000023680','GIL JARA JAVIER OSWALDO','50640324','EGU074','814190320','10986',4.00,0.00,0.00,0.00,NULL,'A',1),(85,'2024-12-02 00:00:00','7711','1000023680','GIL JARA JAVIER OSWALDO','50640324','EGU074','814190320','11954',2.00,0.00,0.00,0.00,NULL,'A',1),(86,'2024-12-02 00:00:00','7711','1000036994','PACHECO VIDAL CARLOS GILBERTO','50640324','EGU077','814190310','5769',2.00,0.00,0.00,0.00,NULL,'A',1),(87,'2024-12-02 00:00:00','7711','1000036994','PACHECO VIDAL CARLOS GILBERTO','50640324','EGU077','814190310','5510',3.00,0.00,0.00,0.00,NULL,'A',1),(88,'2024-12-02 00:00:00','7711','1000037401','COMERCIAL ARANDANOCOM DEL SUR CIA','50640324','EGU074','814190293','5717',4.00,0.00,0.00,0.00,NULL,'A',1),(89,'2024-12-02 00:00:00','7711','1000037401','COMERCIAL ARANDANOCOM DEL SUR CIA','50640324','EGU074','814190293','14719',3.00,0.00,0.00,0.00,NULL,'A',1),(90,'2024-12-02 00:00:00','7711','1000037401','COMERCIAL ARANDANOCOM DEL SUR CIA','50640324','EGU074','814190293','15592',3.00,0.00,0.00,0.00,NULL,'A',1),(91,'2024-12-02 00:00:00','7711','1000037401','COMERCIAL ARANDANOCOM DEL SUR CIA','50640324','EGU074','814190293','15997',3.00,0.00,0.00,0.00,NULL,'A',1),(92,'2024-12-02 00:00:00','7711','1000037401','COMERCIAL ARANDANOCOM DEL SUR CIA','50640324','EGU074','814190293','16078',6.00,0.00,0.00,0.00,NULL,'A',1),(93,'2024-12-02 00:00:00','7711','1000037401','COMERCIAL ARANDANOCOM DEL SUR CIA','50640324','EGU074','814190293','16157',4.00,0.00,0.00,0.00,NULL,'A',1),(94,'2024-12-02 00:00:00','7711','1000037401','COMERCIAL ARANDANOCOM DEL SUR CIA','50640324','EGU074','814190293','16158',2.00,0.00,0.00,0.00,NULL,'A',1),(95,'2024-12-02 00:00:00','7711','1000037401','COMERCIAL ARANDANOCOM DEL SUR CIA','50640324','EGU074','814190293','16510',3.00,0.00,0.00,0.00,NULL,'A',1),(96,'2024-12-02 00:00:00','7711','1000037401','COMERCIAL ARANDANOCOM DEL SUR CIA','50640324','EGU074','814190293','16513',3.00,0.00,0.00,0.00,NULL,'A',1),(97,'2024-12-02 00:00:00','7711','1000037401','COMERCIAL ARANDANOCOM DEL SUR CIA','50640324','EGU074','814190293','16515',6.00,0.00,0.00,0.00,NULL,'A',1),(98,'2024-12-02 00:00:00','7711','1000037401','COMERCIAL ARANDANOCOM DEL SUR CIA','50640324','EGU074','814190293','16680',2.00,0.00,0.00,0.00,NULL,'A',1),(99,'2024-12-02 00:00:00','7711','1000037401','COMERCIAL ARANDANOCOM DEL SUR CIA','50640324','EGU074','814190293','16744',12.00,0.00,0.00,0.00,NULL,'A',1),(100,'2024-12-02 00:00:00','7711','1000037401','COMERCIAL ARANDANOCOM DEL SUR CIA','50640324','EGU074','814190293','17262',3.00,0.00,0.00,0.00,NULL,'A',1),(101,'2024-12-02 00:00:00','7711','1000037401','COMERCIAL ARANDANOCOM DEL SUR CIA','50640324','EGU074','814190293','17370',3.00,0.00,0.00,0.00,NULL,'A',1),(102,'2024-12-02 00:00:00','7711','1000037401','COMERCIAL ARANDANOCOM DEL SUR CIA','50640324','EGU074','814190293','10829',1.00,0.00,0.00,0.00,NULL,'A',1),(103,'2024-12-02 00:00:00','7711','1000037401','COMERCIAL ARANDANOCOM DEL SUR CIA','50640324','EGU074','814190293','12035',4.00,0.00,0.00,0.00,NULL,'A',1),(104,'2024-12-02 00:00:00','7711','1000037401','COMERCIAL ARANDANOCOM DEL SUR CIA','50640324','EGU074','814190293','5746',2.00,0.00,0.00,0.00,NULL,'A',1),(105,'2024-12-02 00:00:00','7711','1000037401','COMERCIAL ARANDANOCOM DEL SUR CIA','50640324','EGU074','814190293','5769',1.00,0.00,0.00,0.00,NULL,'A',1),(106,'2024-12-02 00:00:00','7711','1000037401','COMERCIAL ARANDANOCOM DEL SUR CIA','50640324','EGU074','814190293','12037',2.00,0.00,0.00,0.00,NULL,'A',1),(107,'2024-12-02 00:00:00','7711','1000037401','COMERCIAL ARANDANOCOM DEL SUR CIA','50640324','EGU074','814190293','5778',4.00,0.00,0.00,0.00,NULL,'A',1),(108,'2024-12-02 00:00:00','7711','1000037401','COMERCIAL ARANDANOCOM DEL SUR CIA','50640324','EGU074','814190293','10071',2.00,0.00,0.00,0.00,NULL,'A',1),(109,'2024-12-02 00:00:00','7711','1000037401','COMERCIAL ARANDANOCOM DEL SUR CIA','50640324','EGU074','814190293','5729',3.00,0.00,0.00,0.00,NULL,'A',1),(110,'2024-12-02 00:00:00','7711','1000037401','COMERCIAL ARANDANOCOM DEL SUR CIA','50640324','EGU074','814190293','5730',3.00,0.00,0.00,0.00,NULL,'A',1),(111,'2024-12-02 00:00:00','7711','1000037401','COMERCIAL ARANDANOCOM DEL SUR CIA','50640324','EGU074','814190293','5731',2.00,0.00,0.00,0.00,NULL,'A',1),(112,'2024-12-02 00:00:00','7711','1000037401','COMERCIAL ARANDANOCOM DEL SUR CIA','50640324','EGU074','814190293','5735',6.00,0.00,0.00,0.00,NULL,'A',1),(113,'2024-12-02 00:00:00','7711','1000037401','COMERCIAL ARANDANOCOM DEL SUR CIA','50640324','EGU074','814190293','5736',2.00,0.00,0.00,0.00,NULL,'A',1),(114,'2024-12-02 00:00:00','7711','1000037401','COMERCIAL ARANDANOCOM DEL SUR CIA','50640324','EGU074','814190293','5737',2.00,0.00,0.00,0.00,NULL,'A',1),(115,'2024-12-02 00:00:00','7711','1000037401','COMERCIAL ARANDANOCOM DEL SUR CIA','50640324','EGU074','814190293','5818',3.00,0.00,0.00,0.00,NULL,'A',1),(116,'2024-12-02 00:00:00','7711','1000037401','COMERCIAL ARANDANOCOM DEL SUR CIA','50640324','EGU074','814190293','10096',3.00,0.00,0.00,0.00,NULL,'A',1),(117,'2024-12-02 00:00:00','7711','1000037401','COMERCIAL ARANDANOCOM DEL SUR CIA','50640324','EGU074','814190293','12416',3.00,0.00,0.00,0.00,NULL,'A',1),(118,'2024-12-02 00:00:00','7711','1000037401','COMERCIAL ARANDANOCOM DEL SUR CIA','50640324','EGU074','814190293','5510',6.00,0.00,0.00,0.00,NULL,'A',1),(119,'2024-12-02 00:00:00','7711','1000037401','COMERCIAL ARANDANOCOM DEL SUR CIA','50640324','EGU074','814190293','5512',3.00,0.00,0.00,0.00,NULL,'A',1),(120,'2024-12-02 00:00:00','7711','1000037401','COMERCIAL ARANDANOCOM DEL SUR CIA','50640324','EGU074','814190293','10990',3.00,0.00,0.00,0.00,NULL,'A',1),(121,'2024-12-02 00:00:00','7711','1000037401','COMERCIAL ARANDANOCOM DEL SUR CIA','50640324','EGU074','814190293','4163',2.00,0.00,0.00,0.00,NULL,'A',1),(122,'2024-12-02 00:00:00','7711','1000036994','PACHECO VIDAL CARLOS GILBERTO','50640324','EGU077','814190219','16744',3.00,0.00,0.00,0.00,NULL,'A',1),(123,'2024-12-02 00:00:00','7711','1000036994','PACHECO VIDAL CARLOS GILBERTO','50640324','EGU077','814190219','5706',3.00,0.00,0.00,0.00,NULL,'A',1),(124,'2024-12-02 00:00:00','7711','1000036994','PACHECO VIDAL CARLOS GILBERTO','50640324','EGU077','814190219','5748',1.00,0.00,0.00,0.00,NULL,'A',1),(125,'2024-12-02 00:00:00','7711','1000036994','PACHECO VIDAL CARLOS GILBERTO','50640324','EGU077','814190219','5731',4.00,0.00,0.00,0.00,NULL,'A',1),(126,'2024-12-02 00:00:00','7711','1000036994','PACHECO VIDAL CARLOS GILBERTO','50640324','EGU077','814190219','5735',2.00,0.00,0.00,0.00,NULL,'A',1),(127,'2024-12-02 00:00:00','7711','1000036994','PACHECO VIDAL CARLOS GILBERTO','50640324','EGU077','814190219','5523',4.00,0.00,0.00,0.00,NULL,'A',1),(128,'2024-12-02 00:00:00','7711','1000109605','PINDUISACA PARCO LUIS ALFONSO','50640324','EGU074','814190461','11107',1.00,0.00,0.00,0.00,NULL,'A',1),(129,'2024-12-02 00:00:00','7711','1000108490','BOCATTI CC','50640324','EGU075','814190460','17155',50.00,0.00,0.00,0.00,NULL,'A',1),(130,'2024-12-02 00:00:00','7711','1000108490','BOCATTI CC','50640324','EGU075','814190460','8208',5.00,0.00,0.00,0.00,NULL,'A',1),(131,'2024-12-02 00:00:00','7711','1000108490','BOCATTI CC','50640324','EGU075','814190460','5703',8.00,0.00,0.00,0.00,NULL,'A',1),(132,'2024-12-02 00:00:00','7711','1000108490','BOCATTI CC','50640324','EGU075','814190460','12036',7.00,0.00,0.00,0.00,NULL,'A',1),(133,'2024-12-02 00:00:00','7711','1000108490','BOCATTI CC','50640324','EGU075','814190460','5753',6.00,0.00,0.00,0.00,NULL,'A',1),(134,'2024-12-02 00:00:00','7711','1000108490','BOCATTI CC','50640324','EGU075','814190460','5760',2.00,0.00,0.00,0.00,NULL,'A',1),(135,'2024-12-02 00:00:00','7711','1000108490','BOCATTI CC','50640324','EGU075','814190460','10071',10.00,0.00,0.00,0.00,NULL,'A',1),(136,'2024-12-02 00:00:00','7711','1000108490','BOCATTI CC','50640324','EGU075','814190460','5730',1.00,0.00,0.00,0.00,NULL,'A',1),(137,'2024-12-02 00:00:00','7711','1000108490','BOCATTI CC','50640324','EGU075','814190460','5731',12.00,0.00,0.00,0.00,NULL,'A',1),(138,'2024-12-02 00:00:00','7711','1000108490','BOCATTI CC','50640324','EGU075','814190460','5732',2.00,0.00,0.00,0.00,NULL,'A',1),(139,'2024-12-02 00:00:00','7711','1000108490','BOCATTI CC','50640324','EGU075','814190460','5736',1.00,0.00,0.00,0.00,NULL,'A',1),(140,'2024-12-02 00:00:00','7711','1000108490','BOCATTI CC','50640324','EGU075','814190460','5513',2.00,0.00,0.00,0.00,NULL,'A',1),(141,'2024-12-02 00:00:00','7711','1000072567','OCHOA QUITO THALIA ARACELI','50640324','EGU074','814190452','17155',4.00,4.00,4.00,0.00,NULL,'P',3),(142,'2024-12-02 00:00:00','7711','1000072567','OCHOA QUITO THALIA ARACELI','50640324','EGU074','814190452','8208',1.00,1.00,1.00,0.00,NULL,'P',3),(143,'2024-12-02 00:00:00','7711','1000039168','MOROCHO ORDONES WILSON FABIAN','50640324','EGU074','814190450','14606',2.00,0.00,0.00,0.00,NULL,'A',1),(144,'2024-12-02 00:00:00','7711','1000039168','MOROCHO ORDONES WILSON FABIAN','50640324','EGU074','814190450','14607',4.00,0.00,0.00,0.00,NULL,'A',1),(145,'2024-12-02 00:00:00','7711','1000039168','MOROCHO ORDONES WILSON FABIAN','50640324','EGU074','814190450','16157',1.00,0.00,0.00,0.00,NULL,'A',1),(146,'2024-12-02 00:00:00','7711','1000039168','MOROCHO ORDONES WILSON FABIAN','50640324','EGU074','814190450','16272',2.00,0.00,0.00,0.00,NULL,'A',1),(147,'2024-12-02 00:00:00','7711','1000039168','MOROCHO ORDONES WILSON FABIAN','50640324','EGU074','814190450','16510',2.00,0.00,0.00,0.00,NULL,'A',1),(148,'2024-12-02 00:00:00','7711','1000039168','MOROCHO ORDONES WILSON FABIAN','50640324','EGU074','814190450','16512',3.00,0.00,0.00,0.00,NULL,'A',1),(149,'2024-12-02 00:00:00','7711','1000039168','MOROCHO ORDONES WILSON FABIAN','50640324','EGU074','814190450','16515',1.00,0.00,0.00,0.00,NULL,'A',1),(150,'2024-12-02 00:00:00','7711','1000039168','MOROCHO ORDONES WILSON FABIAN','50640324','EGU074','814190450','12035',1.00,0.00,0.00,0.00,NULL,'A',1),(151,'2024-12-02 00:00:00','7711','1000039168','MOROCHO ORDONES WILSON FABIAN','50640324','EGU074','814190450','5750',1.00,0.00,0.00,0.00,NULL,'A',1),(152,'2024-12-02 00:00:00','7711','1000039168','MOROCHO ORDONES WILSON FABIAN','50640324','EGU074','814190450','5729',1.00,0.00,0.00,0.00,NULL,'A',1),(153,'2024-12-02 00:00:00','7711','1000039168','MOROCHO ORDONES WILSON FABIAN','50640324','EGU074','814190450','10127',5.00,0.00,0.00,0.00,NULL,'A',1),(154,'2024-12-02 00:00:00','7711','1000039168','MOROCHO ORDONES WILSON FABIAN','50640324','EGU074','814190450','5510',2.00,0.00,0.00,0.00,NULL,'A',1),(155,'2024-12-02 00:00:00','7711','1000039168','MOROCHO ORDONES WILSON FABIAN','50640324','EGU074','814190450','4921',2.00,0.00,0.00,0.00,NULL,'A',1),(156,'2024-12-02 00:00:00','7711','1000039168','MOROCHO ORDONES WILSON FABIAN','50640324','EGU074','814190450','4923',2.00,0.00,0.00,0.00,NULL,'A',1),(157,'2024-12-02 00:00:00','7711','1000039168','MOROCHO ORDONES WILSON FABIAN','50640324','EGU074','814190450','6219239',2.00,0.00,0.00,0.00,NULL,'A',1),(158,'2024-12-02 00:00:00','7711','1000039168','MOROCHO ORDONES WILSON FABIAN','50640324','EGU074','814190450','6221239',1.00,0.00,0.00,0.00,NULL,'A',1),(159,'2024-12-02 00:00:00','7711','1000039168','MOROCHO ORDONES WILSON FABIAN','50640324','EGU074','814190450','6222239',1.00,0.00,0.00,0.00,NULL,'A',1),(160,'2024-12-02 00:00:00','7711','1000039168','MOROCHO ORDONES WILSON FABIAN','50640324','EGU074','814190450','6226239',1.00,0.00,0.00,0.00,NULL,'A',1),(161,'2024-12-02 00:00:00','7711','1000039168','MOROCHO ORDONES WILSON FABIAN','50640324','EGU074','814190450','10654',2.00,0.00,0.00,0.00,NULL,'A',1),(162,'2024-12-02 00:00:00','7711','1000039168','MOROCHO ORDONES WILSON FABIAN','50640324','EGU074','814190450','4161',1.00,0.00,0.00,0.00,NULL,'A',1),(163,'2024-12-02 00:00:00','7711','1000039168','MOROCHO ORDONES WILSON FABIAN','50640324','EGU074','814190450','11177',1.00,0.00,0.00,0.00,NULL,'A',1),(164,'2024-12-02 00:00:00','7711','1000039168','MOROCHO ORDONES WILSON FABIAN','50640324','EGU074','814190450','10984',2.00,0.00,0.00,0.00,NULL,'A',1),(165,'2024-12-02 00:00:00','7711','1000023680','GIL JARA JAVIER OSWALDO','50640324','EGU074','814190449','8654',3.00,0.00,0.00,0.00,NULL,'A',1),(166,'2024-12-02 00:00:00','7711','1000023680','GIL JARA JAVIER OSWALDO','50640324','EGU074','814190449','8655',1.00,0.00,0.00,0.00,NULL,'A',1),(167,'2024-12-02 00:00:00','7711','1000023680','GIL JARA JAVIER OSWALDO','50640324','EGU074','814190449','16408',1.00,0.00,0.00,0.00,NULL,'A',1),(168,'2024-12-02 00:00:00','7711','1000023680','GIL JARA JAVIER OSWALDO','50640324','EGU074','814190449','16511',1.00,0.00,0.00,0.00,NULL,'A',1),(169,'2024-12-02 00:00:00','7711','1000023680','GIL JARA JAVIER OSWALDO','50640324','EGU074','814190449','17113',1.00,0.00,0.00,0.00,NULL,'A',1),(170,'2024-12-02 00:00:00','7711','1000023680','GIL JARA JAVIER OSWALDO','50640324','EGU074','814190449','17114',1.00,0.00,0.00,0.00,NULL,'A',1),(171,'2024-12-02 00:00:00','7711','1000023680','GIL JARA JAVIER OSWALDO','50640324','EGU074','814190449','17115',1.00,0.00,0.00,0.00,NULL,'A',1),(172,'2024-12-02 00:00:00','7711','1000023680','GIL JARA JAVIER OSWALDO','50640324','EGU074','814190449','11105',1.00,0.00,0.00,0.00,NULL,'A',1),(173,'2024-12-02 00:00:00','7711','1000023680','GIL JARA JAVIER OSWALDO','50640324','EGU074','814190449','4920',1.00,0.00,0.00,0.00,NULL,'A',1),(174,'2024-12-02 00:00:00','7711','1000023680','GIL JARA JAVIER OSWALDO','50640324','EGU074','814190449','10654',2.00,0.00,0.00,0.00,NULL,'A',1),(175,'2024-12-02 00:00:00','7711','1000023680','GIL JARA JAVIER OSWALDO','50640324','EGU074','814190449','10990',1.00,0.00,0.00,0.00,NULL,'A',1),(176,'2024-12-02 00:00:00','7711','1000023680','GIL JARA JAVIER OSWALDO','50640324','EGU074','814190449','4895',1.00,0.00,0.00,0.00,NULL,'A',1),(177,'2024-12-02 00:00:00','7711','1000023680','GIL JARA JAVIER OSWALDO','50640324','EGU074','814190449','4162',3.00,0.00,0.00,0.00,NULL,'A',1),(178,'2024-12-02 00:00:00','7711','1000023680','GIL JARA JAVIER OSWALDO','50640324','EGU074','814190449','11175',2.00,0.00,0.00,0.00,NULL,'A',1),(179,'2024-12-02 00:00:00','7711','1000023680','GIL JARA JAVIER OSWALDO','50640324','EGU074','814190449','11177',2.00,0.00,0.00,0.00,NULL,'A',1),(180,'2024-12-02 00:00:00','7711','1000023680','GIL JARA JAVIER OSWALDO','50640324','EGU074','814190449','10984',1.00,0.00,0.00,0.00,NULL,'A',1),(181,'2024-12-02 00:00:00','7711','1000036953','DISVENTAS CIA LTDA','50640324','EGU079','814190447','5510',20.00,0.00,0.00,0.00,NULL,'A',1),(182,'2024-12-02 00:00:00','7711','1000037401','COMERCIAL ARANDANOCOM DEL SUR CIA','50640324','EGU074','814190439','15592',1.00,0.00,0.00,0.00,NULL,'A',1),(183,'2024-12-02 00:00:00','7711','1000037401','COMERCIAL ARANDANOCOM DEL SUR CIA','50640324','EGU074','814190439','16510',1.00,0.00,0.00,0.00,NULL,'A',1),(184,'2024-12-02 00:00:00','7711','1000037401','COMERCIAL ARANDANOCOM DEL SUR CIA','50640324','EGU074','814190439','16513',1.00,0.00,0.00,0.00,NULL,'A',1),(185,'2024-12-02 00:00:00','7711','1000037401','COMERCIAL ARANDANOCOM DEL SUR CIA','50640324','EGU074','814190439','16527',2.00,0.00,0.00,0.00,NULL,'A',1),(186,'2024-12-02 00:00:00','7711','1000037401','COMERCIAL ARANDANOCOM DEL SUR CIA','50640324','EGU074','814190439','16530',2.00,0.00,0.00,0.00,NULL,'A',1),(187,'2024-12-02 00:00:00','7711','1000037401','COMERCIAL ARANDANOCOM DEL SUR CIA','50640324','EGU074','814190439','17113',3.00,0.00,0.00,0.00,NULL,'A',1),(188,'2024-12-02 00:00:00','7711','1000037401','COMERCIAL ARANDANOCOM DEL SUR CIA','50640324','EGU074','814190439','5769',2.00,0.00,0.00,0.00,NULL,'A',1),(189,'2024-12-02 00:00:00','7711','1000037401','COMERCIAL ARANDANOCOM DEL SUR CIA','50640324','EGU074','814190439','5749',1.00,0.00,0.00,0.00,NULL,'A',1),(190,'2024-12-02 00:00:00','7711','1000037401','COMERCIAL ARANDANOCOM DEL SUR CIA','50640324','EGU074','814190439','5523',1.00,0.00,0.00,0.00,NULL,'A',1),(191,'2024-12-02 00:00:00','7711','1000037401','COMERCIAL ARANDANOCOM DEL SUR CIA','50640324','EGU074','814190439','4454239',2.00,0.00,0.00,0.00,NULL,'A',1),(192,'2024-12-02 00:00:00','7711','1000037401','COMERCIAL ARANDANOCOM DEL SUR CIA','50640324','EGU074','814190439','6219239',1.00,0.00,0.00,0.00,NULL,'A',1),(193,'2024-12-02 00:00:00','7711','1000037401','COMERCIAL ARANDANOCOM DEL SUR CIA','50640324','EGU074','814190439','6222239',1.00,0.00,0.00,0.00,NULL,'A',1),(194,'2024-12-02 00:00:00','7711','1000037401','COMERCIAL ARANDANOCOM DEL SUR CIA','50640324','EGU074','814190439','6226239',1.00,0.00,0.00,0.00,NULL,'A',1),(195,'2024-12-02 00:00:00','7711','1000037401','COMERCIAL ARANDANOCOM DEL SUR CIA','50640324','EGU074','814190439','10653',2.00,0.00,0.00,0.00,NULL,'A',1),(196,'2024-12-02 00:00:00','7711','1000037401','COMERCIAL ARANDANOCOM DEL SUR CIA','50640324','EGU074','814190439','10654',2.00,0.00,0.00,0.00,NULL,'A',1),(197,'2024-12-02 00:00:00','7711','1000037401','COMERCIAL ARANDANOCOM DEL SUR CIA','50640324','EGU074','814190439','12299',2.00,0.00,0.00,0.00,NULL,'A',1),(198,'2024-12-02 00:00:00','7711','1000036800','SALDANA GALINDO JUAN MANUEL','50640324','EGU074','814190430','5745',3.00,0.00,0.00,-3.00,NULL,'P',1),(199,'2024-12-02 00:00:00','7711','1000036800','SALDANA GALINDO JUAN MANUEL','50640324','EGU074','814190430','5764',2.80,0.00,0.00,-2.80,NULL,'P',1),(200,'2024-12-02 00:00:00','7711','1000036800','SALDANA GALINDO JUAN MANUEL','50640324','EGU074','814190430','5719',3.40,0.00,0.00,-3.40,NULL,'P',1),(201,'2024-12-02 00:00:00','7711','1000036800','SALDANA GALINDO JUAN MANUEL','50640324','EGU074','814190430','5761',5.20,0.00,0.00,-5.20,NULL,'P',1),(202,'2024-12-02 00:00:00','7711','1000115040','VILLA GARCIA PATRICIO VICENTE','50640324','EGU074','814190428','5523',6.00,0.00,0.00,0.00,NULL,'A',1),(203,'2024-12-02 00:00:00','7711','1000038146','ORTIZ SOLORZANO MARIA ERMELINDA','50640324','EGU074','814190417','16156',6.00,0.00,0.00,0.00,NULL,'A',1),(204,'2024-12-02 00:00:00','7711','1000038146','ORTIZ SOLORZANO MARIA ERMELINDA','50640324','EGU074','814190417','16157',6.00,0.00,0.00,0.00,NULL,'A',1),(205,'2024-12-02 00:00:00','7711','1000038146','ORTIZ SOLORZANO MARIA ERMELINDA','50640324','EGU074','814190417','16679',1.00,0.00,0.00,0.00,NULL,'A',1),(206,'2024-12-02 00:00:00','7711','1000038146','ORTIZ SOLORZANO MARIA ERMELINDA','50640324','EGU074','814190417','16680',1.00,0.00,0.00,0.00,NULL,'A',1),(207,'2024-12-02 00:00:00','7711','1000038146','ORTIZ SOLORZANO MARIA ERMELINDA','50640324','EGU074','814190417','10829',1.00,0.00,0.00,0.00,NULL,'A',1),(208,'2024-12-02 00:00:00','7711','1000038146','ORTIZ SOLORZANO MARIA ERMELINDA','50640324','EGU074','814190417','10830',1.00,0.00,0.00,0.00,NULL,'A',1),(209,'2024-12-02 00:00:00','7711','1000038146','ORTIZ SOLORZANO MARIA ERMELINDA','50640324','EGU074','814190417','12036',2.00,0.00,0.00,0.00,NULL,'A',1),(210,'2024-12-02 00:00:00','7711','1000038146','ORTIZ SOLORZANO MARIA ERMELINDA','50640324','EGU074','814190417','5766',3.00,0.00,0.00,0.00,NULL,'A',1),(211,'2024-12-02 00:00:00','7711','1000038146','ORTIZ SOLORZANO MARIA ERMELINDA','50640324','EGU074','814190417','5777',3.00,0.00,0.00,0.00,NULL,'A',1),(212,'2024-12-02 00:00:00','7711','1000038146','ORTIZ SOLORZANO MARIA ERMELINDA','50640324','EGU074','814190417','4163',1.00,0.00,0.00,0.00,NULL,'A',1),(213,'2024-12-02 00:00:00','7711','1000038146','ORTIZ SOLORZANO MARIA ERMELINDA','50640324','EGU074','814190417','5244',1.00,0.00,0.00,0.00,NULL,'A',1),(214,'2024-12-02 00:00:00','7711','1000113186','CABRERA CAMPOVERDE STEPHANIE GABR','50640324','EGU074','814190695','17155',20.00,0.00,0.00,0.00,NULL,'A',1),(215,'2024-12-02 00:00:00','7711','1000109605','PINDUISACA PARCO LUIS ALFONSO','50640324','EGU074','814190687','14606',2.00,0.00,0.00,0.00,NULL,'A',1),(216,'2024-12-02 00:00:00','7711','1000109605','PINDUISACA PARCO LUIS ALFONSO','50640324','EGU074','814190687','14607',2.00,0.00,0.00,0.00,NULL,'A',1),(217,'2024-12-02 00:00:00','7711','1000109605','PINDUISACA PARCO LUIS ALFONSO','50640324','EGU074','814190687','16156',5.00,0.00,0.00,0.00,NULL,'A',1),(218,'2024-12-02 00:00:00','7711','1000109605','PINDUISACA PARCO LUIS ALFONSO','50640324','EGU074','814190687','16158',2.00,0.00,0.00,0.00,NULL,'A',1),(219,'2024-12-02 00:00:00','7711','1000109605','PINDUISACA PARCO LUIS ALFONSO','50640324','EGU074','814190687','16680',1.00,0.00,0.00,0.00,NULL,'A',1),(220,'2024-12-02 00:00:00','7711','1000109605','PINDUISACA PARCO LUIS ALFONSO','50640324','EGU074','814190687','12036',5.00,0.00,0.00,0.00,NULL,'A',1),(221,'2024-12-02 00:00:00','7711','1000109605','PINDUISACA PARCO LUIS ALFONSO','50640324','EGU074','814190687','4454239',4.00,0.00,0.00,0.00,NULL,'A',1),(222,'2024-12-02 00:00:00','7711','1000109605','PINDUISACA PARCO LUIS ALFONSO','50640324','EGU074','814190687','4161',1.00,0.00,0.00,0.00,NULL,'A',1),(223,'2024-12-02 00:00:00','7711','1000109605','PINDUISACA PARCO LUIS ALFONSO','50640324','EGU074','814190687','4163',1.00,0.00,0.00,0.00,NULL,'A',1),(224,'2024-12-02 00:00:00','7711','1000109605','PINDUISACA PARCO LUIS ALFONSO','50640324','EGU074','814190687','11175',2.00,0.00,0.00,0.00,NULL,'A',1),(225,'2024-12-02 00:00:00','7711','1000109605','PINDUISACA PARCO LUIS ALFONSO','50640324','EGU074','814190687','11177',2.00,0.00,0.00,0.00,NULL,'A',1),(226,'2024-12-02 00:00:00','7711','1000109605','PINDUISACA PARCO LUIS ALFONSO','50640324','EGU074','814190687','10984',2.00,0.00,0.00,0.00,NULL,'A',1),(227,'2024-12-02 00:00:00','7711','1000109605','PINDUISACA PARCO LUIS ALFONSO','50640324','EGU074','814190687','10986',2.00,0.00,0.00,0.00,NULL,'A',1),(228,'2024-12-02 00:00:00','7711','1000109605','PINDUISACA PARCO LUIS ALFONSO','50640324','EGU074','814190687','5244',1.00,0.00,0.00,0.00,NULL,'A',1),(229,'2024-12-02 00:00:00','7711','1000109605','PINDUISACA PARCO LUIS ALFONSO','50640324','EGU074','814190687','5275',1.00,0.00,0.00,0.00,NULL,'A',1),(230,'2024-12-02 00:00:00','7711','1000108490','BOCATTI CC','50640324','EGU075','814190671','5766',1.00,0.00,0.00,0.00,NULL,'A',1),(231,'2024-12-02 00:00:00','7711','1000108490','BOCATTI CC','50640324','EGU075','814190671','5759',1.00,0.00,0.00,0.00,NULL,'A',1),(232,'2024-12-02 00:00:00','7711','1000108490','BOCATTI CC','50640324','EGU075','814190671','5731',1.00,0.00,0.00,0.00,NULL,'A',1),(233,'2024-12-02 00:00:00','7711','1000108490','BOCATTI CC','50640324','EGU075','814190671','5732',2.00,0.00,0.00,0.00,NULL,'A',1),(234,'2024-12-02 00:00:00','7711','1000108490','BOCATTI CC','50640324','EGU075','814190671','5736',1.00,0.00,0.00,0.00,NULL,'A',1),(235,'2024-12-02 00:00:00','7711','1000036920','GRILL Y BAR CHIPLOTE CIA LTDA','50640324','EGU077','814190667','5701',1.00,0.00,0.00,0.00,NULL,'A',1),(236,'2024-12-02 00:00:00','7711','1000039168','MOROCHO ORDONES WILSON FABIAN','50640324','EGU074','814190663','5730',3.00,0.00,0.00,0.00,NULL,'A',1),(237,'2024-12-02 00:00:00','7711','1000039168','MOROCHO ORDONES WILSON FABIAN','50640324','EGU074','814190663','5736',3.00,0.00,0.00,0.00,NULL,'A',1),(238,'2024-12-02 00:00:00','7711','1000036722','TAMAYO SALDANA JUANA CATALINA','50640324','EGU074','814190660','8261',15.00,0.00,0.00,0.00,NULL,'A',1),(239,'2024-12-02 00:00:00','7711','1000036722','TAMAYO SALDANA JUANA CATALINA','50640324','EGU074','814190660','5709',15.00,0.00,0.00,0.00,NULL,'A',1),(240,'2024-12-02 00:00:00','7711','1000038146','ORTIZ SOLORZANO MARIA ERMELINDA','50640324','EGU074','814190655','10984',3.00,0.00,0.00,0.00,NULL,'A',1),(241,'2024-12-02 00:00:00','7711','1000057602','COELLAR DELGADO EVA DEL ROCIO','50640324','EGU077','814190653','5701',1.00,0.00,0.00,0.00,NULL,'A',1),(242,'2024-12-02 00:00:00','7711','1000036893','CUENCAORO HOTELERA CUENCA SA','50640324','EGU074','814190616','5703',12.00,0.00,0.00,-12.00,NULL,'P',1),(243,'2024-12-02 00:00:00','7711','1000036893','CUENCAORO HOTELERA CUENCA SA','50640324','EGU074','814190616','5758',22.40,0.00,0.00,-22.40,NULL,'P',1),(244,'2024-12-02 00:00:00','7711','1000036893','CUENCAORO HOTELERA CUENCA SA','50640324','EGU074','814190616','5764',22.40,0.00,0.00,-22.40,NULL,'P',1),(245,'2024-12-02 00:00:00','7711','1000113179','GARAY PALACIOS ADOLFO TEODORO','50640325','EGU077','814190520','14607',5.00,0.00,0.00,0.00,NULL,'A',1),(246,'2024-12-02 00:00:00','7711','1000113179','GARAY PALACIOS ADOLFO TEODORO','50640325','EGU077','814190520','14719',1.00,0.00,0.00,0.00,NULL,'A',1),(247,'2024-12-02 00:00:00','7711','1000113179','GARAY PALACIOS ADOLFO TEODORO','50640325','EGU077','814190520','17350',5.00,0.00,0.00,0.00,NULL,'A',1),(248,'2024-12-02 00:00:00','7711','1000113179','GARAY PALACIOS ADOLFO TEODORO','50640325','EGU077','814190520','10830',2.00,0.00,0.00,0.00,NULL,'A',1),(249,'2024-12-02 00:00:00','7711','1000113179','GARAY PALACIOS ADOLFO TEODORO','50640325','EGU077','814190520','5771',3.00,0.00,0.00,0.00,NULL,'A',1),(250,'2024-12-02 00:00:00','7711','1000113179','GARAY PALACIOS ADOLFO TEODORO','50640325','EGU077','814190520','5731',4.00,0.00,0.00,0.00,NULL,'A',1),(251,'2024-12-02 00:00:00','7711','1000113179','GARAY PALACIOS ADOLFO TEODORO','50640325','EGU077','814190520','11175',5.00,0.00,0.00,0.00,NULL,'A',1),(252,'2024-12-02 00:00:00','7711','1000113179','GARAY PALACIOS ADOLFO TEODORO','50640325','EGU077','814190520','11177',5.00,0.00,0.00,0.00,NULL,'A',1),(253,'2024-12-02 00:00:00','7711','1000038125','MARTINEZ CUZCO CRISTIAN GEOVANNY','50640325','EGU077','814190521','15565',2.00,0.00,0.00,0.00,NULL,'A',1),(254,'2024-12-02 00:00:00','7711','1000038125','MARTINEZ CUZCO CRISTIAN GEOVANNY','50640325','EGU077','814190521','15592',4.00,0.00,0.00,0.00,NULL,'A',1),(255,'2024-12-02 00:00:00','7711','1000038125','MARTINEZ CUZCO CRISTIAN GEOVANNY','50640325','EGU077','814190521','8206',2.00,0.00,0.00,0.00,NULL,'A',1),(256,'2024-12-02 00:00:00','7711','1000038125','MARTINEZ CUZCO CRISTIAN GEOVANNY','50640325','EGU077','814190521','5510',5.00,0.00,0.00,0.00,NULL,'A',1),(257,'2024-12-02 00:00:00','7711','1000038125','MARTINEZ CUZCO CRISTIAN GEOVANNY','50640325','EGU077','814190521','10653',5.00,0.00,0.00,0.00,NULL,'A',1),(258,'2024-12-02 00:00:00','7711','1000038125','MARTINEZ CUZCO CRISTIAN GEOVANNY','50640325','EGU077','814190521','10654',8.00,0.00,0.00,0.00,NULL,'A',1),(259,'2024-12-02 00:00:00','7711','1000038125','MARTINEZ CUZCO CRISTIAN GEOVANNY','50640325','EGU077','814190521','10990',5.00,0.00,0.00,0.00,NULL,'A',1),(260,'2024-12-02 00:00:00','7711','1000038040','DELGADO ORTIZ CARLOS ALFREDO','50640325','EGU077','814190468','15565',1.00,0.00,0.00,0.00,NULL,'A',1),(261,'2024-12-02 00:00:00','7711','1000038040','DELGADO ORTIZ CARLOS ALFREDO','50640325','EGU077','814190468','15592',2.00,0.00,0.00,0.00,NULL,'A',1),(262,'2024-12-02 00:00:00','7711','1000038040','DELGADO ORTIZ CARLOS ALFREDO','50640325','EGU077','814190468','16157',4.00,0.00,0.00,0.00,NULL,'A',1),(263,'2024-12-02 00:00:00','7711','1000038040','DELGADO ORTIZ CARLOS ALFREDO','50640325','EGU077','814190468','16678',3.00,0.00,0.00,0.00,NULL,'A',1),(264,'2024-12-02 00:00:00','7711','1000038040','DELGADO ORTIZ CARLOS ALFREDO','50640325','EGU077','814190468','17350',3.00,0.00,0.00,0.00,NULL,'A',1),(265,'2024-12-02 00:00:00','7711','1000038040','DELGADO ORTIZ CARLOS ALFREDO','50640325','EGU077','814190468','8206',3.00,0.00,0.00,0.00,NULL,'A',1),(266,'2024-12-02 00:00:00','7711','1000038040','DELGADO ORTIZ CARLOS ALFREDO','50640325','EGU077','814190468','5709',6.00,0.00,0.00,0.00,NULL,'A',1),(267,'2024-12-02 00:00:00','7711','1000038040','DELGADO ORTIZ CARLOS ALFREDO','50640325','EGU077','814190468','12036',4.00,0.00,0.00,0.00,NULL,'A',1),(268,'2024-12-02 00:00:00','7711','1000038040','DELGADO ORTIZ CARLOS ALFREDO','50640325','EGU077','814190468','10654',2.00,0.00,0.00,0.00,NULL,'A',1),(269,'2024-12-02 00:00:00','7711','1000038040','DELGADO ORTIZ CARLOS ALFREDO','50640325','EGU077','814190468','12299',5.00,0.00,0.00,0.00,NULL,'A',1),(270,'2024-12-02 00:00:00','7711','1000038206','VILLA PICHIZACA NORMA ISABEL','50640325','EGU077','814190484','15592',4.00,0.00,0.00,0.00,NULL,'A',1),(271,'2024-12-02 00:00:00','7711','1000038206','VILLA PICHIZACA NORMA ISABEL','50640325','EGU077','814190484','15997',2.00,0.00,0.00,0.00,NULL,'A',1),(272,'2024-12-02 00:00:00','7711','1000038206','VILLA PICHIZACA NORMA ISABEL','50640325','EGU077','814190484','16156',2.00,0.00,0.00,0.00,NULL,'A',1),(273,'2024-12-02 00:00:00','7711','1000038206','VILLA PICHIZACA NORMA ISABEL','50640325','EGU077','814190484','16157',2.00,0.00,0.00,0.00,NULL,'A',1),(274,'2024-12-02 00:00:00','7711','1000038206','VILLA PICHIZACA NORMA ISABEL','50640325','EGU077','814190484','16678',4.00,0.00,0.00,0.00,NULL,'A',1),(275,'2024-12-02 00:00:00','7711','1000038206','VILLA PICHIZACA NORMA ISABEL','50640325','EGU077','814190484','17113',2.00,0.00,0.00,0.00,NULL,'A',1),(276,'2024-12-02 00:00:00','7711','1000038206','VILLA PICHIZACA NORMA ISABEL','50640325','EGU077','814190484','17114',3.00,0.00,0.00,0.00,NULL,'A',1),(277,'2024-12-02 00:00:00','7711','1000038206','VILLA PICHIZACA NORMA ISABEL','50640325','EGU077','814190484','17115',3.00,0.00,0.00,0.00,NULL,'A',1),(278,'2024-12-02 00:00:00','7711','1000038206','VILLA PICHIZACA NORMA ISABEL','50640325','EGU077','814190484','17116',3.00,0.00,0.00,0.00,NULL,'A',1),(279,'2024-12-02 00:00:00','7711','1000038206','VILLA PICHIZACA NORMA ISABEL','50640325','EGU077','814190484','17117',3.00,0.00,0.00,0.00,NULL,'A',1),(280,'2024-12-02 00:00:00','7711','1000038206','VILLA PICHIZACA NORMA ISABEL','50640325','EGU077','814190484','17350',2.00,0.00,0.00,0.00,NULL,'A',1),(281,'2024-12-02 00:00:00','7711','1000038206','VILLA PICHIZACA NORMA ISABEL','50640325','EGU077','814190484','8656',3.00,0.00,0.00,0.00,NULL,'A',1),(282,'2024-12-02 00:00:00','7711','1000038206','VILLA PICHIZACA NORMA ISABEL','50640325','EGU077','814190484','10663',3.00,0.00,0.00,0.00,NULL,'A',1),(283,'2024-12-02 00:00:00','7711','1000038206','VILLA PICHIZACA NORMA ISABEL','50640325','EGU077','814190484','5523',5.00,0.00,0.00,0.00,NULL,'A',1),(284,'2024-12-02 00:00:00','7711','1000038206','VILLA PICHIZACA NORMA ISABEL','50640325','EGU077','814190484','11796',2.00,0.00,0.00,0.00,NULL,'A',1),(285,'2024-12-02 00:00:00','7711','1000038206','VILLA PICHIZACA NORMA ISABEL','50640325','EGU077','814190484','4920',2.00,0.00,0.00,0.00,NULL,'A',1),(286,'2024-12-02 00:00:00','7711','1000038206','VILLA PICHIZACA NORMA ISABEL','50640325','EGU077','814190484','4921',2.00,0.00,0.00,0.00,NULL,'A',1),(287,'2024-12-02 00:00:00','7711','1000038206','VILLA PICHIZACA NORMA ISABEL','50640325','EGU077','814190484','6221239',1.00,0.00,0.00,0.00,NULL,'A',1),(288,'2024-12-02 00:00:00','7711','1000038206','VILLA PICHIZACA NORMA ISABEL','50640325','EGU077','814190484','10653',4.00,0.00,0.00,0.00,NULL,'A',1),(289,'2024-12-02 00:00:00','7711','1000038206','VILLA PICHIZACA NORMA ISABEL','50640325','EGU077','814190484','10654',4.00,0.00,0.00,0.00,NULL,'A',1),(290,'2024-12-02 00:00:00','7711','1000038206','VILLA PICHIZACA NORMA ISABEL','50640325','EGU077','814190484','10990',4.00,0.00,0.00,0.00,NULL,'A',1),(291,'2024-12-02 00:00:00','7711','1000038206','VILLA PICHIZACA NORMA ISABEL','50640325','EGU077','814190484','12299',4.00,0.00,0.00,0.00,NULL,'A',1),(292,'2024-12-02 00:00:00','7711','1000038206','VILLA PICHIZACA NORMA ISABEL','50640325','EGU077','814190484','2121',3.00,0.00,0.00,0.00,NULL,'A',1),(293,'2024-12-02 00:00:00','7711','1000038206','VILLA PICHIZACA NORMA ISABEL','50640325','EGU077','814190484','4160',1.00,0.00,0.00,0.00,NULL,'A',1),(294,'2024-12-02 00:00:00','7711','1000038206','VILLA PICHIZACA NORMA ISABEL','50640325','EGU077','814190484','4162',1.00,0.00,0.00,0.00,NULL,'A',1),(295,'2024-12-02 00:00:00','7711','1000038206','VILLA PICHIZACA NORMA ISABEL','50640325','EGU077','814190484','4010',2.00,0.00,0.00,0.00,NULL,'A',1),(296,'2024-12-02 00:00:00','7711','8000005607','CONORQUE CIALTDA','50640325','EGU075','814190650','5717',3.00,0.00,0.00,0.00,NULL,'A',1),(297,'2024-12-02 00:00:00','7711','8000005607','CONORQUE CIALTDA','50640325','EGU075','814190650','11037',3.00,0.00,0.00,0.00,NULL,'A',1),(298,'2024-12-02 00:00:00','7711','8000005607','CONORQUE CIALTDA','50640325','EGU075','814190650','14164',4.00,0.00,0.00,0.00,NULL,'A',1),(299,'2024-12-02 00:00:00','7711','8000005607','CONORQUE CIALTDA','50640325','EGU075','814190650','14165',3.00,0.00,0.00,0.00,NULL,'A',1),(300,'2024-12-02 00:00:00','7711','8000005607','CONORQUE CIALTDA','50640325','EGU075','814190650','14606',12.00,0.00,0.00,0.00,NULL,'A',1),(301,'2024-12-02 00:00:00','7711','8000005607','CONORQUE CIALTDA','50640325','EGU075','814190650','14607',10.00,0.00,0.00,0.00,NULL,'A',1),(302,'2024-12-02 00:00:00','7711','8000005607','CONORQUE CIALTDA','50640325','EGU075','814190650','15592',15.00,0.00,0.00,0.00,NULL,'A',1),(303,'2024-12-02 00:00:00','7711','8000005607','CONORQUE CIALTDA','50640325','EGU075','814190650','15594',1.00,0.00,0.00,0.00,NULL,'A',1),(304,'2024-12-02 00:00:00','7711','8000005607','CONORQUE CIALTDA','50640325','EGU075','814190650','15997',4.00,0.00,0.00,0.00,NULL,'A',1),(305,'2024-12-02 00:00:00','7711','8000005607','CONORQUE CIALTDA','50640325','EGU075','814190650','16017',1.00,0.00,0.00,0.00,NULL,'A',1),(306,'2024-12-02 00:00:00','7711','8000005607','CONORQUE CIALTDA','50640325','EGU075','814190650','16018',1.00,0.00,0.00,0.00,NULL,'A',1),(307,'2024-12-02 00:00:00','7711','8000005607','CONORQUE CIALTDA','50640325','EGU075','814190650','16157',10.00,0.00,0.00,0.00,NULL,'A',1),(308,'2024-12-02 00:00:00','7711','8000005607','CONORQUE CIALTDA','50640325','EGU075','814190650','16230',2.00,0.00,0.00,0.00,NULL,'A',1),(309,'2024-12-02 00:00:00','7711','8000005607','CONORQUE CIALTDA','50640325','EGU075','814190650','16232',6.00,0.00,0.00,0.00,NULL,'A',1),(310,'2024-12-02 00:00:00','7711','8000005607','CONORQUE CIALTDA','50640325','EGU075','814190650','16236',2.00,0.00,0.00,0.00,NULL,'A',1),(311,'2024-12-02 00:00:00','7711','8000005607','CONORQUE CIALTDA','50640325','EGU075','814190650','16530',12.00,0.00,0.00,0.00,NULL,'A',1),(312,'2024-12-02 00:00:00','7711','8000005607','CONORQUE CIALTDA','50640325','EGU075','814190650','16678',10.00,0.00,0.00,0.00,NULL,'A',1),(313,'2024-12-02 00:00:00','7711','8000005607','CONORQUE CIALTDA','50640325','EGU075','814190650','16679',3.00,0.00,0.00,0.00,NULL,'A',1),(314,'2024-12-02 00:00:00','7711','8000005607','CONORQUE CIALTDA','50640325','EGU075','814190650','16680',4.00,0.00,0.00,0.00,NULL,'A',1),(315,'2024-12-02 00:00:00','7711','8000005607','CONORQUE CIALTDA','50640325','EGU075','814190650','16745',4.00,0.00,0.00,0.00,NULL,'A',1),(316,'2024-12-02 00:00:00','7711','8000005607','CONORQUE CIALTDA','50640325','EGU075','814190650','17113',6.00,0.00,0.00,0.00,NULL,'A',1),(317,'2024-12-02 00:00:00','7711','8000005607','CONORQUE CIALTDA','50640325','EGU075','814190650','17115',6.00,0.00,0.00,0.00,NULL,'A',1),(318,'2024-12-02 00:00:00','7711','8000005607','CONORQUE CIALTDA','50640325','EGU075','814190650','17116',6.00,0.00,0.00,0.00,NULL,'A',1),(319,'2024-12-02 00:00:00','7711','8000005607','CONORQUE CIALTDA','50640325','EGU075','814190650','17117',6.00,0.00,0.00,0.00,NULL,'A',1),(320,'2024-12-02 00:00:00','7711','8000005607','CONORQUE CIALTDA','50640325','EGU075','814190650','17262',5.00,0.00,0.00,0.00,NULL,'A',1),(321,'2024-12-02 00:00:00','7711','8000005607','CONORQUE CIALTDA','50640325','EGU075','814190650','17350',10.00,0.00,0.00,0.00,NULL,'A',1),(322,'2024-12-02 00:00:00','7711','8000005607','CONORQUE CIALTDA','50640325','EGU075','814190650','11107',1.00,0.00,0.00,0.00,NULL,'A',1),(323,'2024-12-02 00:00:00','7711','8000005607','CONORQUE CIALTDA','50640325','EGU075','814190650','11109',2.00,0.00,0.00,0.00,NULL,'A',1),(324,'2024-12-02 00:00:00','7711','8000005607','CONORQUE CIALTDA','50640325','EGU075','814190650','11105',1.00,0.00,0.00,0.00,NULL,'A',1),(325,'2024-12-02 00:00:00','7711','8000005607','CONORQUE CIALTDA','50640325','EGU075','814190650','11108',1.00,0.00,0.00,0.00,NULL,'A',1),(326,'2024-12-02 00:00:00','7711','8000005607','CONORQUE CIALTDA','50640325','EGU075','814190650','11953',1.00,0.00,0.00,0.00,NULL,'A',1),(327,'2024-12-02 00:00:00','7711','8000005607','CONORQUE CIALTDA','50640325','EGU075','814190650','12549',3.00,0.00,0.00,0.00,NULL,'A',1),(328,'2024-12-02 00:00:00','7711','8000005607','CONORQUE CIALTDA','50640325','EGU075','814190650','10829',10.00,0.00,0.00,0.00,NULL,'A',1),(329,'2024-12-02 00:00:00','7711','8000005607','CONORQUE CIALTDA','50640325','EGU075','814190650','10830',10.00,0.00,0.00,0.00,NULL,'A',1),(330,'2024-12-02 00:00:00','7711','8000005607','CONORQUE CIALTDA','50640325','EGU075','814190650','12300',10.00,0.00,0.00,0.00,NULL,'A',1),(331,'2024-12-02 00:00:00','7711','8000005607','CONORQUE CIALTDA','50640325','EGU075','814190650','8260',20.00,0.00,0.00,0.00,NULL,'A',1),(332,'2024-12-02 00:00:00','7711','8000005607','CONORQUE CIALTDA','50640325','EGU075','814190650','8261',15.00,0.00,0.00,0.00,NULL,'A',1),(333,'2024-12-02 00:00:00','7711','8000005607','CONORQUE CIALTDA','50640325','EGU075','814190650','8208',1.00,0.00,0.00,0.00,NULL,'A',1),(334,'2024-12-02 00:00:00','7711','8000005607','CONORQUE CIALTDA','50640325','EGU075','814190650','5706',12.00,0.00,0.00,0.00,NULL,'A',1),(335,'2024-12-02 00:00:00','7711','8000005607','CONORQUE CIALTDA','50640325','EGU075','814190650','5709',10.00,0.00,0.00,0.00,NULL,'A',1),(336,'2024-12-02 00:00:00','7711','8000005607','CONORQUE CIALTDA','50640325','EGU075','814190650','5763',2.00,0.00,0.00,0.00,NULL,'A',1),(337,'2024-12-02 00:00:00','7711','8000005607','CONORQUE CIALTDA','50640325','EGU075','814190650','12035',10.00,0.00,0.00,0.00,NULL,'A',1),(338,'2024-12-02 00:00:00','7711','8000005607','CONORQUE CIALTDA','50640325','EGU075','814190650','5746',6.00,0.00,0.00,0.00,NULL,'A',1),(339,'2024-12-02 00:00:00','7711','8000005607','CONORQUE CIALTDA','50640325','EGU075','814190650','12036',5.00,0.00,0.00,0.00,NULL,'A',1),(340,'2024-12-02 00:00:00','7711','8000005607','CONORQUE CIALTDA','50640325','EGU075','814190650','5748',3.00,0.00,0.00,0.00,NULL,'A',1),(341,'2024-12-02 00:00:00','7711','8000005607','CONORQUE CIALTDA','50640325','EGU075','814190650','5780',2.00,0.00,0.00,0.00,NULL,'A',1),(342,'2024-12-02 00:00:00','7711','8000005607','CONORQUE CIALTDA','50640325','EGU075','814190650','5769',4.00,0.00,0.00,0.00,NULL,'A',1),(343,'2024-12-02 00:00:00','7711','8000005607','CONORQUE CIALTDA','50640325','EGU075','814190650','12037',4.00,0.00,0.00,0.00,NULL,'A',1),(344,'2024-12-02 00:00:00','7711','8000005607','CONORQUE CIALTDA','50640325','EGU075','814190650','5760',3.00,0.00,0.00,0.00,NULL,'A',1),(345,'2024-12-02 00:00:00','7711','8000005607','CONORQUE CIALTDA','50640325','EGU075','814190650','5759',3.00,0.00,0.00,0.00,NULL,'A',1),(346,'2024-12-02 00:00:00','7711','8000005607','CONORQUE CIALTDA','50640325','EGU075','814190650','5778',8.00,0.00,0.00,0.00,NULL,'A',1),(347,'2024-12-02 00:00:00','7711','8000005607','CONORQUE CIALTDA','50640325','EGU075','814190650','5750',2.00,0.00,0.00,0.00,NULL,'A',1),(348,'2024-12-02 00:00:00','7711','8000005607','CONORQUE CIALTDA','50640325','EGU075','814190650','10071',2.00,0.00,0.00,0.00,NULL,'A',1),(349,'2024-12-02 00:00:00','7711','8000005607','CONORQUE CIALTDA','50640325','EGU075','814190650','5729',20.00,0.00,0.00,0.00,NULL,'A',1),(350,'2024-12-02 00:00:00','7711','8000005607','CONORQUE CIALTDA','50640325','EGU075','814190650','5730',10.00,0.00,0.00,0.00,NULL,'A',1),(351,'2024-12-02 00:00:00','7711','8000005607','CONORQUE CIALTDA','50640325','EGU075','814190650','5731',20.00,0.00,0.00,0.00,NULL,'A',1),(352,'2024-12-02 00:00:00','7711','8000005607','CONORQUE CIALTDA','50640325','EGU075','814190650','5732',15.00,0.00,0.00,0.00,NULL,'A',1),(353,'2024-12-02 00:00:00','7711','8000005607','CONORQUE CIALTDA','50640325','EGU075','814190650','5733',6.00,0.00,0.00,0.00,NULL,'A',1),(354,'2024-12-02 00:00:00','7711','8000005607','CONORQUE CIALTDA','50640325','EGU075','814190650','5735',15.00,0.00,0.00,0.00,NULL,'A',1),(355,'2024-12-02 00:00:00','7711','8000005607','CONORQUE CIALTDA','50640325','EGU075','814190650','5736',15.00,0.00,0.00,0.00,NULL,'A',1),(356,'2024-12-02 00:00:00','7711','8000005607','CONORQUE CIALTDA','50640325','EGU075','814190650','5737',10.00,0.00,0.00,0.00,NULL,'A',1),(357,'2024-12-02 00:00:00','7711','8000005607','CONORQUE CIALTDA','50640325','EGU075','814190650','5818',3.00,0.00,0.00,0.00,NULL,'A',1),(358,'2024-12-02 00:00:00','7711','8000005607','CONORQUE CIALTDA','50640325','EGU075','814190650','10127',25.00,0.00,0.00,0.00,NULL,'A',1),(359,'2024-12-02 00:00:00','7711','8000005607','CONORQUE CIALTDA','50640325','EGU075','814190650','12416',3.00,0.00,0.00,0.00,NULL,'A',1),(360,'2024-12-02 00:00:00','7711','8000005607','CONORQUE CIALTDA','50640325','EGU075','814190650','4133',5.00,0.00,0.00,0.00,NULL,'A',1),(361,'2024-12-02 00:00:00','7711','8000005607','CONORQUE CIALTDA','50640325','EGU075','814190650','4134',5.00,0.00,0.00,0.00,NULL,'A',1),(362,'2024-12-02 00:00:00','7711','8000005607','CONORQUE CIALTDA','50640325','EGU075','814190650','8656',10.00,0.00,0.00,0.00,NULL,'A',1),(363,'2024-12-02 00:00:00','7711','8000005607','CONORQUE CIALTDA','50640325','EGU075','814190650','10663',10.00,0.00,0.00,0.00,NULL,'A',1),(364,'2024-12-02 00:00:00','7711','8000005607','CONORQUE CIALTDA','50640325','EGU075','814190650','5523',30.00,0.00,0.00,0.00,NULL,'A',1),(365,'2024-12-02 00:00:00','7711','8000005607','CONORQUE CIALTDA','50640325','EGU075','814190650','11796',10.00,0.00,0.00,0.00,NULL,'A',1),(366,'2024-12-02 00:00:00','7711','8000005607','CONORQUE CIALTDA','50640325','EGU075','814190650','5510',12.00,0.00,0.00,0.00,NULL,'A',1),(367,'2024-12-02 00:00:00','7711','8000005607','CONORQUE CIALTDA','50640325','EGU075','814190650','5512',6.00,0.00,0.00,0.00,NULL,'A',1),(368,'2024-12-02 00:00:00','7711','8000005607','CONORQUE CIALTDA','50640325','EGU075','814190650','5513',6.00,0.00,0.00,0.00,NULL,'A',1),(369,'2024-12-02 00:00:00','7711','8000005607','CONORQUE CIALTDA','50640325','EGU075','814190650','4921',6.00,0.00,0.00,0.00,NULL,'A',1),(370,'2024-12-02 00:00:00','7711','8000005607','CONORQUE CIALTDA','50640325','EGU075','814190650','6219239',10.00,0.00,0.00,0.00,NULL,'A',1),(371,'2024-12-02 00:00:00','7711','8000005607','CONORQUE CIALTDA','50640325','EGU075','814190650','6221239',10.00,0.00,0.00,0.00,NULL,'A',1),(372,'2024-12-02 00:00:00','7711','8000005607','CONORQUE CIALTDA','50640325','EGU075','814190650','6226239',15.00,0.00,0.00,0.00,NULL,'A',1),(373,'2024-12-02 00:00:00','7711','8000005607','CONORQUE CIALTDA','50640325','EGU075','814190650','10653',20.00,0.00,0.00,0.00,NULL,'A',1),(374,'2024-12-02 00:00:00','7711','8000005607','CONORQUE CIALTDA','50640325','EGU075','814190650','10654',20.00,0.00,0.00,0.00,NULL,'A',1),(375,'2024-12-02 00:00:00','7711','8000005607','CONORQUE CIALTDA','50640325','EGU075','814190650','10990',20.00,0.00,0.00,0.00,NULL,'A',1),(376,'2024-12-02 00:00:00','7711','8000005607','CONORQUE CIALTDA','50640325','EGU075','814190650','12299',20.00,0.00,0.00,0.00,NULL,'A',1),(377,'2024-12-02 00:00:00','7711','8000005607','CONORQUE CIALTDA','50640325','EGU075','814190650','4889',3.00,0.00,0.00,0.00,NULL,'A',1),(378,'2024-12-02 00:00:00','7711','8000005607','CONORQUE CIALTDA','50640325','EGU075','814190650','4894',2.00,0.00,0.00,0.00,NULL,'A',1),(379,'2024-12-02 00:00:00','7711','8000005607','CONORQUE CIALTDA','50640325','EGU075','814190650','4895',3.00,0.00,0.00,0.00,NULL,'A',1),(380,'2024-12-02 00:00:00','7711','8000005607','CONORQUE CIALTDA','50640325','EGU075','814190650','4247',4.00,0.00,0.00,0.00,NULL,'A',1),(381,'2024-12-02 00:00:00','7711','8000005607','CONORQUE CIALTDA','50640325','EGU075','814190650','4248',4.00,0.00,0.00,0.00,NULL,'A',1),(382,'2024-12-02 00:00:00','7711','8000005607','CONORQUE CIALTDA','50640325','EGU075','814190650','2122',3.00,0.00,0.00,0.00,NULL,'A',1),(383,'2024-12-02 00:00:00','7711','8000005607','CONORQUE CIALTDA','50640325','EGU075','814190650','2123',3.00,0.00,0.00,0.00,NULL,'A',1),(384,'2024-12-02 00:00:00','7711','8000005607','CONORQUE CIALTDA','50640325','EGU075','814190650','1224',5.00,0.00,0.00,0.00,NULL,'A',1),(385,'2024-12-02 00:00:00','7711','8000005607','CONORQUE CIALTDA','50640325','EGU075','814190650','9088',4.00,0.00,0.00,0.00,NULL,'A',1),(386,'2024-12-02 00:00:00','7711','8000005607','CONORQUE CIALTDA','50640325','EGU075','814190650','4161',3.00,0.00,0.00,0.00,NULL,'A',1),(387,'2024-12-02 00:00:00','7711','8000005607','CONORQUE CIALTDA','50640325','EGU075','814190650','4011',1.00,0.00,0.00,0.00,NULL,'A',1),(388,'2024-12-02 00:00:00','7711','8000005607','CONORQUE CIALTDA','50640325','EGU075','814190650','4012',1.00,0.00,0.00,0.00,NULL,'A',1),(389,'2024-12-02 00:00:00','7711','8000005607','CONORQUE CIALTDA','50640325','EGU075','814190650','4013',4.00,0.00,0.00,0.00,NULL,'A',1),(390,'2024-12-02 00:00:00','7711','8000005607','CONORQUE CIALTDA','50640325','EGU075','814190650','11955',1.00,0.00,0.00,0.00,NULL,'A',1),(391,'2024-12-02 00:00:00','7711','8000005607','CONORQUE CIALTDA','50640325','EGU075','814190650','12548',3.00,0.00,0.00,0.00,NULL,'A',1),(392,'2024-12-02 00:00:00','7711','8000005607','CONORQUE CIALTDA','50640325','EGU075','814190650','11175',10.00,0.00,0.00,0.00,NULL,'A',1),(393,'2024-12-02 00:00:00','7711','8000005607','CONORQUE CIALTDA','50640325','EGU075','814190650','11177',10.00,0.00,0.00,0.00,NULL,'A',1),(394,'2024-12-02 00:00:00','7711','8000005607','CONORQUE CIALTDA','50640325','EGU075','814190650','10984',12.00,0.00,0.00,0.00,NULL,'A',1),(395,'2024-12-02 00:00:00','7711','8000005607','CONORQUE CIALTDA','50640325','EGU075','814190650','10986',6.00,0.00,0.00,0.00,NULL,'A',1),(396,'2024-12-02 00:00:00','7711','8000005607','CONORQUE CIALTDA','50640325','EGU075','814190650','5275',3.00,0.00,0.00,0.00,NULL,'A',1),(397,'2024-12-02 00:00:00','7711','1000016218','CONORQUE CIALTDA','50640325','EGU074','814190614','5717',8.00,0.00,0.00,0.00,NULL,'A',1),(398,'2024-12-02 00:00:00','7711','1000016218','CONORQUE CIALTDA','50640325','EGU074','814190614','8414',24.00,0.00,0.00,0.00,NULL,'A',1),(399,'2024-12-02 00:00:00','7711','1000016218','CONORQUE CIALTDA','50640325','EGU074','814190614','11037',4.00,0.00,0.00,0.00,NULL,'A',1),(400,'2024-12-02 00:00:00','7711','1000016218','CONORQUE CIALTDA','50640325','EGU074','814190614','13828',5.00,0.00,0.00,0.00,NULL,'A',1),(401,'2024-12-02 00:00:00','7711','1000016218','CONORQUE CIALTDA','50640325','EGU074','814190614','14606',8.00,0.00,0.00,0.00,NULL,'A',1),(402,'2024-12-02 00:00:00','7711','1000016218','CONORQUE CIALTDA','50640325','EGU074','814190614','14607',8.00,0.00,0.00,0.00,NULL,'A',1),(403,'2024-12-02 00:00:00','7711','1000016218','CONORQUE CIALTDA','50640325','EGU074','814190614','14719',6.00,0.00,0.00,0.00,NULL,'A',1),(404,'2024-12-02 00:00:00','7711','1000016218','CONORQUE CIALTDA','50640325','EGU074','814190614','15592',30.00,0.00,0.00,0.00,NULL,'A',1),(405,'2024-12-02 00:00:00','7711','1000016218','CONORQUE CIALTDA','50640325','EGU074','814190614','15997',8.00,0.00,0.00,0.00,NULL,'A',1),(406,'2024-12-02 00:00:00','7711','1000016218','CONORQUE CIALTDA','50640325','EGU074','814190614','16078',12.00,0.00,0.00,0.00,NULL,'A',1),(407,'2024-12-02 00:00:00','7711','1000016218','CONORQUE CIALTDA','50640325','EGU074','814190614','16157',10.00,0.00,0.00,0.00,NULL,'A',1),(408,'2024-12-02 00:00:00','7711','1000016218','CONORQUE CIALTDA','50640325','EGU074','814190614','16510',8.00,0.00,0.00,0.00,NULL,'A',1),(409,'2024-12-02 00:00:00','7711','1000016218','CONORQUE CIALTDA','50640325','EGU074','814190614','16511',3.00,0.00,0.00,0.00,NULL,'A',1),(410,'2024-12-02 00:00:00','7711','1000016218','CONORQUE CIALTDA','50640325','EGU074','814190614','16512',3.00,0.00,0.00,0.00,NULL,'A',1),(411,'2024-12-02 00:00:00','7711','1000016218','CONORQUE CIALTDA','50640325','EGU074','814190614','16513',8.00,0.00,0.00,0.00,NULL,'A',1),(412,'2024-12-02 00:00:00','7711','1000016218','CONORQUE CIALTDA','50640325','EGU074','814190614','16514',4.00,0.00,0.00,0.00,NULL,'A',1),(413,'2024-12-02 00:00:00','7711','1000016218','CONORQUE CIALTDA','50640325','EGU074','814190614','16515',8.00,0.00,0.00,0.00,NULL,'A',1),(414,'2024-12-02 00:00:00','7711','1000016218','CONORQUE CIALTDA','50640325','EGU074','814190614','16530',15.00,0.00,0.00,0.00,NULL,'A',1),(415,'2024-12-02 00:00:00','7711','1000016218','CONORQUE CIALTDA','50640325','EGU074','814190614','16678',30.00,0.00,0.00,0.00,NULL,'A',1),(416,'2024-12-02 00:00:00','7711','1000016218','CONORQUE CIALTDA','50640325','EGU074','814190614','16681',6.00,0.00,0.00,0.00,NULL,'A',1),(417,'2024-12-02 00:00:00','7711','1000016218','CONORQUE CIALTDA','50640325','EGU074','814190614','16743',24.00,0.00,0.00,0.00,NULL,'A',1),(418,'2024-12-02 00:00:00','7711','1000016218','CONORQUE CIALTDA','50640325','EGU074','814190614','17113',12.00,0.00,0.00,0.00,NULL,'A',1),(419,'2024-12-02 00:00:00','7711','1000016218','CONORQUE CIALTDA','50640325','EGU074','814190614','17350',8.00,0.00,0.00,0.00,NULL,'A',1),(420,'2024-12-02 00:00:00','7711','1000016218','CONORQUE CIALTDA','50640325','EGU074','814190614','11109',3.00,0.00,0.00,0.00,NULL,'A',1),(421,'2024-12-02 00:00:00','7711','1000016218','CONORQUE CIALTDA','50640325','EGU074','814190614','10829',10.00,0.00,0.00,0.00,NULL,'A',1),(422,'2024-12-02 00:00:00','7711','1000016218','CONORQUE CIALTDA','50640325','EGU074','814190614','10830',10.00,0.00,0.00,0.00,NULL,'A',1),(423,'2024-12-02 00:00:00','7711','1000016218','CONORQUE CIALTDA','50640325','EGU074','814190614','8260',24.00,0.00,0.00,0.00,NULL,'A',1),(424,'2024-12-02 00:00:00','7711','1000016218','CONORQUE CIALTDA','50640325','EGU074','814190614','8261',12.00,0.00,0.00,0.00,NULL,'A',1),(425,'2024-12-02 00:00:00','7711','1000016218','CONORQUE CIALTDA','50640325','EGU074','814190614','8208',1.00,0.00,0.00,0.00,NULL,'A',1),(426,'2024-12-02 00:00:00','7711','1000016218','CONORQUE CIALTDA','50640325','EGU074','814190614','5706',24.00,0.00,0.00,0.00,NULL,'A',1),(427,'2024-12-02 00:00:00','7711','1000016218','CONORQUE CIALTDA','50640325','EGU074','814190614','12035',12.00,0.00,0.00,0.00,NULL,'A',1),(428,'2024-12-02 00:00:00','7711','1000016218','CONORQUE CIALTDA','50640325','EGU074','814190614','12036',6.00,0.00,0.00,0.00,NULL,'A',1),(429,'2024-12-02 00:00:00','7711','1000016218','CONORQUE CIALTDA','50640325','EGU074','814190614','5777',6.00,0.00,0.00,0.00,NULL,'A',1),(430,'2024-12-02 00:00:00','7711','1000016218','CONORQUE CIALTDA','50640325','EGU074','814190614','5729',15.00,0.00,0.00,0.00,NULL,'A',1),(431,'2024-12-02 00:00:00','7711','1000016218','CONORQUE CIALTDA','50640325','EGU074','814190614','5730',8.00,0.00,0.00,0.00,NULL,'A',1),(432,'2024-12-02 00:00:00','7711','1000016218','CONORQUE CIALTDA','50640325','EGU074','814190614','5731',5.00,0.00,0.00,0.00,NULL,'A',1),(433,'2024-12-02 00:00:00','7711','1000016218','CONORQUE CIALTDA','50640325','EGU074','814190614','5732',5.00,0.00,0.00,0.00,NULL,'A',1),(434,'2024-12-02 00:00:00','7711','1000016218','CONORQUE CIALTDA','50640325','EGU074','814190614','5733',3.00,0.00,0.00,0.00,NULL,'A',1),(435,'2024-12-02 00:00:00','7711','1000016218','CONORQUE CIALTDA','50640325','EGU074','814190614','5735',15.00,0.00,0.00,0.00,NULL,'A',1),(436,'2024-12-02 00:00:00','7711','1000016218','CONORQUE CIALTDA','50640325','EGU074','814190614','5736',5.00,0.00,0.00,0.00,NULL,'A',1),(437,'2024-12-02 00:00:00','7711','1000016218','CONORQUE CIALTDA','50640325','EGU074','814190614','5737',3.00,0.00,0.00,0.00,NULL,'A',1),(438,'2024-12-02 00:00:00','7711','1000016218','CONORQUE CIALTDA','50640325','EGU074','814190614','10127',15.00,0.00,0.00,0.00,NULL,'A',1),(439,'2024-12-02 00:00:00','7711','1000016218','CONORQUE CIALTDA','50640325','EGU074','814190614','8656',15.00,0.00,0.00,0.00,NULL,'A',1),(440,'2024-12-02 00:00:00','7711','1000016218','CONORQUE CIALTDA','50640325','EGU074','814190614','10663',12.00,0.00,0.00,0.00,NULL,'A',1),(441,'2024-12-02 00:00:00','7711','1000016218','CONORQUE CIALTDA','50640325','EGU074','814190614','5523',40.00,0.00,0.00,0.00,NULL,'A',1),(442,'2024-12-02 00:00:00','7711','1000016218','CONORQUE CIALTDA','50640325','EGU074','814190614','11796',12.00,0.00,0.00,0.00,NULL,'A',1),(443,'2024-12-02 00:00:00','7711','1000016218','CONORQUE CIALTDA','50640325','EGU074','814190614','5510',12.00,0.00,0.00,0.00,NULL,'A',1),(444,'2024-12-02 00:00:00','7711','1000016218','CONORQUE CIALTDA','50640325','EGU074','814190614','4454239',12.00,0.00,0.00,0.00,NULL,'A',1),(445,'2024-12-02 00:00:00','7711','1000016218','CONORQUE CIALTDA','50640325','EGU074','814190614','4450239',24.00,0.00,0.00,0.00,NULL,'A',1),(446,'2024-12-02 00:00:00','7711','1000016218','CONORQUE CIALTDA','50640325','EGU074','814190614','4920',6.00,0.00,0.00,0.00,NULL,'A',1),(447,'2024-12-02 00:00:00','7711','1000016218','CONORQUE CIALTDA','50640325','EGU074','814190614','4921',6.00,0.00,0.00,0.00,NULL,'A',1),(448,'2024-12-02 00:00:00','7711','1000016218','CONORQUE CIALTDA','50640325','EGU074','814190614','4923',6.00,0.00,0.00,0.00,NULL,'A',1),(449,'2024-12-02 00:00:00','7711','1000016218','CONORQUE CIALTDA','50640325','EGU074','814190614','6219239',15.00,0.00,0.00,0.00,NULL,'A',1),(450,'2024-12-02 00:00:00','7711','1000016218','CONORQUE CIALTDA','50640325','EGU074','814190614','6221239',15.00,0.00,0.00,0.00,NULL,'A',1),(451,'2024-12-02 00:00:00','7711','1000016218','CONORQUE CIALTDA','50640325','EGU074','814190614','6222239',15.00,0.00,0.00,0.00,NULL,'A',1),(452,'2024-12-02 00:00:00','7711','1000016218','CONORQUE CIALTDA','50640325','EGU074','814190614','6226239',15.00,0.00,0.00,0.00,NULL,'A',1),(453,'2024-12-02 00:00:00','7711','1000016218','CONORQUE CIALTDA','50640325','EGU074','814190614','10653',50.00,0.00,0.00,0.00,NULL,'A',1),(454,'2024-12-02 00:00:00','7711','1000016218','CONORQUE CIALTDA','50640325','EGU074','814190614','10654',50.00,0.00,0.00,0.00,NULL,'A',1),(455,'2024-12-02 00:00:00','7711','1000016218','CONORQUE CIALTDA','50640325','EGU074','814190614','10990',50.00,0.00,0.00,0.00,NULL,'A',1),(456,'2024-12-02 00:00:00','7711','1000016218','CONORQUE CIALTDA','50640325','EGU074','814190614','12299',50.00,0.00,0.00,0.00,NULL,'A',1),(457,'2024-12-02 00:00:00','7711','1000016218','CONORQUE CIALTDA','50640325','EGU074','814190614','1224',6.00,0.00,0.00,0.00,NULL,'A',1),(458,'2024-12-02 00:00:00','7711','1000016218','CONORQUE CIALTDA','50640325','EGU074','814190614','9088',3.00,0.00,0.00,0.00,NULL,'A',1),(459,'2024-12-02 00:00:00','7711','1000016218','CONORQUE CIALTDA','50640325','EGU074','814190614','12548',3.00,0.00,0.00,0.00,NULL,'A',1),(460,'2024-12-02 00:00:00','7711','1000016218','CONORQUE CIALTDA','50640325','EGU074','814190614','10984',8.00,0.00,0.00,0.00,NULL,'A',1),(461,'2024-12-02 00:00:00','7711','1000016218','CONORQUE CIALTDA','50640325','EGU074','814190614','10986',8.00,0.00,0.00,0.00,NULL,'A',1),(462,'2024-12-03 00:00:00','7711','1000037116','MAITA SUSANA ESTER','50640324','EGU086','814190515','8208',4.00,0.00,0.00,0.00,NULL,'A',1),(463,'2024-12-03 00:00:00','7711','1000039032','RIVERA ROMERO GLADYS IMELDA','50640324','EGU084','814190513','17155',10.00,0.00,0.00,0.00,NULL,'A',1),(464,'2024-12-03 00:00:00','7711','1000041663','COMERCIALECOSUIZA CIA LTDA','50640324','EGU084','814190505','15592',3.00,0.00,0.00,0.00,NULL,'A',1),(465,'2024-12-03 00:00:00','7711','1000041663','COMERCIALECOSUIZA CIA LTDA','50640324','EGU084','814190505','15997',3.00,0.00,0.00,0.00,NULL,'A',1),(466,'2024-12-03 00:00:00','7711','1000041663','COMERCIALECOSUIZA CIA LTDA','50640324','EGU084','814190505','16156',6.00,0.00,0.00,0.00,NULL,'A',1),(467,'2024-12-03 00:00:00','7711','1000041663','COMERCIALECOSUIZA CIA LTDA','50640324','EGU084','814190505','16158',3.00,0.00,0.00,0.00,NULL,'A',1),(468,'2024-12-03 00:00:00','7711','1000041663','COMERCIALECOSUIZA CIA LTDA','50640324','EGU084','814190505','16511',2.00,0.00,0.00,0.00,NULL,'A',1),(469,'2024-12-03 00:00:00','7711','1000041663','COMERCIALECOSUIZA CIA LTDA','50640324','EGU084','814190505','16513',4.00,0.00,0.00,0.00,NULL,'A',1),(470,'2024-12-03 00:00:00','7711','1000041663','COMERCIALECOSUIZA CIA LTDA','50640324','EGU084','814190505','16514',2.00,0.00,0.00,0.00,NULL,'A',1),(471,'2024-12-03 00:00:00','7711','1000041663','COMERCIALECOSUIZA CIA LTDA','50640324','EGU084','814190505','5746',4.00,0.00,0.00,0.00,NULL,'A',1),(472,'2024-12-03 00:00:00','7711','1000041663','COMERCIALECOSUIZA CIA LTDA','50640324','EGU084','814190505','12036',3.00,0.00,0.00,0.00,NULL,'A',1),(473,'2024-12-03 00:00:00','7711','1000041663','COMERCIALECOSUIZA CIA LTDA','50640324','EGU084','814190505','5729',12.00,0.00,0.00,0.00,NULL,'A',1),(474,'2024-12-03 00:00:00','7711','1000041663','COMERCIALECOSUIZA CIA LTDA','50640324','EGU084','814190505','5730',4.00,0.00,0.00,0.00,NULL,'A',1),(475,'2024-12-03 00:00:00','7711','1000041663','COMERCIALECOSUIZA CIA LTDA','50640324','EGU084','814190505','5731',6.00,0.00,0.00,0.00,NULL,'A',1),(476,'2024-12-03 00:00:00','7711','1000041663','COMERCIALECOSUIZA CIA LTDA','50640324','EGU084','814190505','5732',2.00,0.00,0.00,0.00,NULL,'A',1),(477,'2024-12-03 00:00:00','7711','1000041663','COMERCIALECOSUIZA CIA LTDA','50640324','EGU084','814190505','5735',7.00,0.00,0.00,0.00,NULL,'A',1),(478,'2024-12-03 00:00:00','7711','1000041663','COMERCIALECOSUIZA CIA LTDA','50640324','EGU084','814190505','5736',2.00,0.00,0.00,0.00,NULL,'A',1),(479,'2024-12-03 00:00:00','7711','1000041663','COMERCIALECOSUIZA CIA LTDA','50640324','EGU084','814190505','5523',6.00,0.00,0.00,0.00,NULL,'A',1),(480,'2024-12-03 00:00:00','7711','1000041663','COMERCIALECOSUIZA CIA LTDA','50640324','EGU084','814190505','5512',3.00,0.00,0.00,0.00,NULL,'A',1),(481,'2024-12-03 00:00:00','7711','1000041663','COMERCIALECOSUIZA CIA LTDA','50640324','EGU084','814190505','4450239',3.00,0.00,0.00,0.00,NULL,'A',1),(482,'2024-12-03 00:00:00','7711','1000041663','COMERCIALECOSUIZA CIA LTDA','50640324','EGU084','814190505','4921',3.00,0.00,0.00,0.00,NULL,'A',1),(483,'2024-12-03 00:00:00','7711','1000041663','COMERCIALECOSUIZA CIA LTDA','50640324','EGU084','814190505','6222239',3.00,0.00,0.00,0.00,NULL,'A',1),(484,'2024-12-03 00:00:00','7711','1000041663','COMERCIALECOSUIZA CIA LTDA','50640324','EGU084','814190505','10653',10.00,0.00,0.00,0.00,NULL,'A',1),(485,'2024-12-03 00:00:00','7711','1000041663','COMERCIALECOSUIZA CIA LTDA','50640324','EGU084','814190505','10654',10.00,0.00,0.00,0.00,NULL,'A',1),(486,'2024-12-03 00:00:00','7711','1000041663','COMERCIALECOSUIZA CIA LTDA','50640324','EGU084','814190505','10990',12.00,0.00,0.00,0.00,NULL,'A',1),(487,'2024-12-03 00:00:00','7711','1000041663','COMERCIALECOSUIZA CIA LTDA','50640324','EGU084','814190505','12299',6.00,0.00,0.00,0.00,NULL,'A',1),(488,'2024-12-03 00:00:00','7711','1000041663','COMERCIALECOSUIZA CIA LTDA','50640324','EGU084','814190505','4162',6.00,0.00,0.00,0.00,NULL,'A',1),(489,'2024-12-03 00:00:00','7711','1000041663','COMERCIALECOSUIZA CIA LTDA','50640324','EGU084','814190499','16156',3.00,0.00,0.00,0.00,NULL,'A',1),(490,'2024-12-03 00:00:00','7711','1000041663','COMERCIALECOSUIZA CIA LTDA','50640324','EGU084','814190499','16157',3.00,0.00,0.00,0.00,NULL,'A',1),(491,'2024-12-03 00:00:00','7711','1000041663','COMERCIALECOSUIZA CIA LTDA','50640324','EGU084','814190499','16510',6.00,0.00,0.00,0.00,NULL,'A',1),(492,'2024-12-03 00:00:00','7711','1000041663','COMERCIALECOSUIZA CIA LTDA','50640324','EGU084','814190499','16511',2.00,0.00,0.00,0.00,NULL,'A',1),(493,'2024-12-03 00:00:00','7711','1000041663','COMERCIALECOSUIZA CIA LTDA','50640324','EGU084','814190499','16512',2.00,0.00,0.00,0.00,NULL,'A',1),(494,'2024-12-03 00:00:00','7711','1000041663','COMERCIALECOSUIZA CIA LTDA','50640324','EGU084','814190499','16513',4.00,0.00,0.00,0.00,NULL,'A',1),(495,'2024-12-03 00:00:00','7711','1000041663','COMERCIALECOSUIZA CIA LTDA','50640324','EGU084','814190499','16514',4.00,0.00,0.00,0.00,NULL,'A',1),(496,'2024-12-03 00:00:00','7711','1000041663','COMERCIALECOSUIZA CIA LTDA','50640324','EGU084','814190499','16515',6.00,0.00,0.00,0.00,NULL,'A',1),(497,'2024-12-03 00:00:00','7711','1000041663','COMERCIALECOSUIZA CIA LTDA','50640324','EGU084','814190499','5706',3.00,0.00,0.00,0.00,NULL,'A',1),(498,'2024-12-03 00:00:00','7711','1000041663','COMERCIALECOSUIZA CIA LTDA','50640324','EGU084','814190499','12035',6.00,0.00,0.00,0.00,NULL,'A',1),(499,'2024-12-03 00:00:00','7711','1000041663','COMERCIALECOSUIZA CIA LTDA','50640324','EGU084','814190499','12036',3.00,0.00,0.00,0.00,NULL,'A',1),(500,'2024-12-03 00:00:00','7711','1000041663','COMERCIALECOSUIZA CIA LTDA','50640324','EGU084','814190499','5729',6.00,0.00,0.00,0.00,NULL,'A',1),(501,'2024-12-03 00:00:00','7711','1000041663','COMERCIALECOSUIZA CIA LTDA','50640324','EGU084','814190499','5731',6.00,0.00,0.00,0.00,NULL,'A',1),(502,'2024-12-03 00:00:00','7711','1000041663','COMERCIALECOSUIZA CIA LTDA','50640324','EGU084','814190499','5735',6.00,0.00,0.00,0.00,NULL,'A',1),(503,'2024-12-03 00:00:00','7711','1000041663','COMERCIALECOSUIZA CIA LTDA','50640324','EGU084','814190499','4920',3.00,0.00,0.00,0.00,NULL,'A',1),(504,'2024-12-03 00:00:00','7711','1000041663','COMERCIALECOSUIZA CIA LTDA','50640324','EGU084','814190499','4921',3.00,0.00,0.00,0.00,NULL,'A',1),(505,'2024-12-03 00:00:00','7711','1000041663','COMERCIALECOSUIZA CIA LTDA','50640324','EGU084','814190499','4923',3.00,0.00,0.00,0.00,NULL,'A',1),(506,'2024-12-03 00:00:00','7711','1000041663','COMERCIALECOSUIZA CIA LTDA','50640324','EGU084','814190499','10990',6.00,0.00,0.00,0.00,NULL,'A',1),(507,'2024-12-03 00:00:00','7711','1000041663','COMERCIALECOSUIZA CIA LTDA','50640324','EGU084','814190499','12299',9.00,0.00,0.00,0.00,NULL,'A',1),(508,'2024-12-03 00:00:00','7711','1000036737','CARRASCO VINTIMILLA FABIAN VLADIM','50640324','EGU086','814190345','17155',3.00,0.00,0.00,0.00,NULL,'A',1),(509,'2024-12-03 00:00:00','7711','1000023680','GIL JARA JAVIER OSWALDO','50640324','EGU074','814190320','5717',2.00,0.00,0.00,0.00,NULL,'A',1),(510,'2024-12-03 00:00:00','7711','1000023680','GIL JARA JAVIER OSWALDO','50640324','EGU074','814190320','15593',3.00,0.00,0.00,0.00,NULL,'A',1),(511,'2024-12-03 00:00:00','7711','1000023680','GIL JARA JAVIER OSWALDO','50640324','EGU074','814190320','16078',6.00,0.00,0.00,0.00,NULL,'A',1),(512,'2024-12-03 00:00:00','7711','1000023680','GIL JARA JAVIER OSWALDO','50640324','EGU074','814190320','16156',5.00,0.00,0.00,0.00,NULL,'A',1),(513,'2024-12-03 00:00:00','7711','1000023680','GIL JARA JAVIER OSWALDO','50640324','EGU074','814190320','16157',3.00,0.00,0.00,0.00,NULL,'A',1),(514,'2024-12-03 00:00:00','7711','1000023680','GIL JARA JAVIER OSWALDO','50640324','EGU074','814190320','16231',2.00,0.00,0.00,0.00,NULL,'A',1),(515,'2024-12-03 00:00:00','7711','1000023680','GIL JARA JAVIER OSWALDO','50640324','EGU074','814190320','16232',4.00,0.00,0.00,0.00,NULL,'A',1),(516,'2024-12-03 00:00:00','7711','1000023680','GIL JARA JAVIER OSWALDO','50640324','EGU074','814190320','16272',1.00,0.00,0.00,0.00,NULL,'A',1),(517,'2024-12-03 00:00:00','7711','1000023680','GIL JARA JAVIER OSWALDO','50640324','EGU074','814190320','16372',2.00,0.00,0.00,0.00,NULL,'A',1),(518,'2024-12-03 00:00:00','7711','1000023680','GIL JARA JAVIER OSWALDO','50640324','EGU074','814190320','16515',6.00,0.00,0.00,0.00,NULL,'A',1),(519,'2024-12-03 00:00:00','7711','1000023680','GIL JARA JAVIER OSWALDO','50640324','EGU074','814190320','16744',6.00,0.00,0.00,0.00,NULL,'A',1),(520,'2024-12-03 00:00:00','7711','1000023680','GIL JARA JAVIER OSWALDO','50640324','EGU074','814190320','16745',2.00,0.00,0.00,0.00,NULL,'A',1),(521,'2024-12-03 00:00:00','7711','1000023680','GIL JARA JAVIER OSWALDO','50640324','EGU074','814190320','17113',3.00,0.00,0.00,0.00,NULL,'A',1),(522,'2024-12-03 00:00:00','7711','1000023680','GIL JARA JAVIER OSWALDO','50640324','EGU074','814190320','17116',4.00,0.00,0.00,0.00,NULL,'A',1),(523,'2024-12-03 00:00:00','7711','1000023680','GIL JARA JAVIER OSWALDO','50640324','EGU074','814190320','17262',2.00,0.00,0.00,0.00,NULL,'A',1),(524,'2024-12-03 00:00:00','7711','1000023680','GIL JARA JAVIER OSWALDO','50640324','EGU074','814190320','17350',3.00,0.00,0.00,0.00,NULL,'A',1),(525,'2024-12-03 00:00:00','7711','1000023680','GIL JARA JAVIER OSWALDO','50640324','EGU074','814190320','17370',3.00,0.00,0.00,0.00,NULL,'A',1),(526,'2024-12-03 00:00:00','7711','1000023680','GIL JARA JAVIER OSWALDO','50640324','EGU074','814190320','8260',2.00,0.00,0.00,0.00,NULL,'A',1),(527,'2024-12-03 00:00:00','7711','1000023680','GIL JARA JAVIER OSWALDO','50640324','EGU074','814190320','5709',1.00,0.00,0.00,0.00,NULL,'A',1),(528,'2024-12-03 00:00:00','7711','1000023680','GIL JARA JAVIER OSWALDO','50640324','EGU074','814190320','12035',4.00,0.00,0.00,0.00,NULL,'A',1),(529,'2024-12-03 00:00:00','7711','1000023680','GIL JARA JAVIER OSWALDO','50640324','EGU074','814190320','5746',1.00,0.00,0.00,0.00,NULL,'A',1),(530,'2024-12-03 00:00:00','7711','1000023680','GIL JARA JAVIER OSWALDO','50640324','EGU074','814190320','12036',4.00,0.00,0.00,0.00,NULL,'A',1),(531,'2024-12-03 00:00:00','7711','1000023680','GIL JARA JAVIER OSWALDO','50640324','EGU074','814190320','5780',2.00,0.00,0.00,0.00,NULL,'A',1),(532,'2024-12-03 00:00:00','7711','1000023680','GIL JARA JAVIER OSWALDO','50640324','EGU074','814190320','5769',1.00,0.00,0.00,0.00,NULL,'A',1),(533,'2024-12-03 00:00:00','7711','1000023680','GIL JARA JAVIER OSWALDO','50640324','EGU074','814190320','12037',1.00,0.00,0.00,0.00,NULL,'A',1),(534,'2024-12-03 00:00:00','7711','1000023680','GIL JARA JAVIER OSWALDO','50640324','EGU074','814190320','5778',2.00,0.00,0.00,0.00,NULL,'A',1),(535,'2024-12-03 00:00:00','7711','1000023680','GIL JARA JAVIER OSWALDO','50640324','EGU074','814190320','5729',8.00,0.00,0.00,0.00,NULL,'A',1),(536,'2024-12-03 00:00:00','7711','1000023680','GIL JARA JAVIER OSWALDO','50640324','EGU074','814190320','5730',7.00,0.00,0.00,0.00,NULL,'A',1),(537,'2024-12-03 00:00:00','7711','1000023680','GIL JARA JAVIER OSWALDO','50640324','EGU074','814190320','5731',7.00,0.00,0.00,0.00,NULL,'A',1),(538,'2024-12-03 00:00:00','7711','1000023680','GIL JARA JAVIER OSWALDO','50640324','EGU074','814190320','5732',1.00,0.00,0.00,0.00,NULL,'A',1),(539,'2024-12-03 00:00:00','7711','1000023680','GIL JARA JAVIER OSWALDO','50640324','EGU074','814190320','5735',10.00,0.00,0.00,0.00,NULL,'A',1),(540,'2024-12-03 00:00:00','7711','1000023680','GIL JARA JAVIER OSWALDO','50640324','EGU074','814190320','5736',3.00,0.00,0.00,0.00,NULL,'A',1),(541,'2024-12-03 00:00:00','7711','1000023680','GIL JARA JAVIER OSWALDO','50640324','EGU074','814190320','10096',2.00,0.00,0.00,0.00,NULL,'A',1),(542,'2024-12-03 00:00:00','7711','1000023680','GIL JARA JAVIER OSWALDO','50640324','EGU074','814190320','5523',4.00,0.00,0.00,0.00,NULL,'A',1),(543,'2024-12-03 00:00:00','7711','1000023680','GIL JARA JAVIER OSWALDO','50640324','EGU074','814190320','11796',4.00,0.00,0.00,0.00,NULL,'A',1),(544,'2024-12-03 00:00:00','7711','1000023680','GIL JARA JAVIER OSWALDO','50640324','EGU074','814190320','5510',10.00,0.00,0.00,0.00,NULL,'A',1),(545,'2024-12-03 00:00:00','7711','1000023680','GIL JARA JAVIER OSWALDO','50640324','EGU074','814190320','10986',4.00,0.00,0.00,0.00,NULL,'A',1),(546,'2024-12-03 00:00:00','7711','1000023680','GIL JARA JAVIER OSWALDO','50640324','EGU074','814190320','11954',2.00,0.00,0.00,0.00,NULL,'A',1),(547,'2024-12-03 00:00:00','7711','1000036994','PACHECO VIDAL CARLOS GILBERTO','50640324','EGU077','814190310','5769',2.00,0.00,0.00,0.00,NULL,'A',1),(548,'2024-12-03 00:00:00','7711','1000036994','PACHECO VIDAL CARLOS GILBERTO','50640324','EGU077','814190310','5510',3.00,0.00,0.00,0.00,NULL,'A',1),(549,'2024-12-03 00:00:00','7711','1000037401','COMERCIAL ARANDANOCOM DEL SUR CIA','50640324','EGU074','814190293','5717',4.00,0.00,0.00,0.00,NULL,'A',1),(550,'2024-12-03 00:00:00','7711','1000037401','COMERCIAL ARANDANOCOM DEL SUR CIA','50640324','EGU074','814190293','14719',3.00,0.00,0.00,0.00,NULL,'A',1),(551,'2024-12-03 00:00:00','7711','1000037401','COMERCIAL ARANDANOCOM DEL SUR CIA','50640324','EGU074','814190293','15592',3.00,0.00,0.00,0.00,NULL,'A',1),(552,'2024-12-03 00:00:00','7711','1000037401','COMERCIAL ARANDANOCOM DEL SUR CIA','50640324','EGU074','814190293','15997',3.00,0.00,0.00,0.00,NULL,'A',1),(553,'2024-12-03 00:00:00','7711','1000037401','COMERCIAL ARANDANOCOM DEL SUR CIA','50640324','EGU074','814190293','16078',6.00,0.00,0.00,0.00,NULL,'A',1),(554,'2024-12-03 00:00:00','7711','1000037401','COMERCIAL ARANDANOCOM DEL SUR CIA','50640324','EGU074','814190293','16157',4.00,0.00,0.00,0.00,NULL,'A',1),(555,'2024-12-03 00:00:00','7711','1000037401','COMERCIAL ARANDANOCOM DEL SUR CIA','50640324','EGU074','814190293','16158',2.00,0.00,0.00,0.00,NULL,'A',1),(556,'2024-12-03 00:00:00','7711','1000037401','COMERCIAL ARANDANOCOM DEL SUR CIA','50640324','EGU074','814190293','16510',3.00,0.00,0.00,0.00,NULL,'A',1),(557,'2024-12-03 00:00:00','7711','1000037401','COMERCIAL ARANDANOCOM DEL SUR CIA','50640324','EGU074','814190293','16513',3.00,0.00,0.00,0.00,NULL,'A',1),(558,'2024-12-03 00:00:00','7711','1000037401','COMERCIAL ARANDANOCOM DEL SUR CIA','50640324','EGU074','814190293','16515',6.00,0.00,0.00,0.00,NULL,'A',1),(559,'2024-12-03 00:00:00','7711','1000037401','COMERCIAL ARANDANOCOM DEL SUR CIA','50640324','EGU074','814190293','16680',2.00,0.00,0.00,0.00,NULL,'A',1),(560,'2024-12-03 00:00:00','7711','1000037401','COMERCIAL ARANDANOCOM DEL SUR CIA','50640324','EGU074','814190293','16744',12.00,0.00,0.00,0.00,NULL,'A',1),(561,'2024-12-03 00:00:00','7711','1000037401','COMERCIAL ARANDANOCOM DEL SUR CIA','50640324','EGU074','814190293','17262',3.00,0.00,0.00,0.00,NULL,'A',1),(562,'2024-12-03 00:00:00','7711','1000037401','COMERCIAL ARANDANOCOM DEL SUR CIA','50640324','EGU074','814190293','17370',3.00,0.00,0.00,0.00,NULL,'A',1),(563,'2024-12-03 00:00:00','7711','1000037401','COMERCIAL ARANDANOCOM DEL SUR CIA','50640324','EGU074','814190293','10829',1.00,0.00,0.00,0.00,NULL,'A',1),(564,'2024-12-03 00:00:00','7711','1000037401','COMERCIAL ARANDANOCOM DEL SUR CIA','50640324','EGU074','814190293','12035',4.00,0.00,0.00,0.00,NULL,'A',1),(565,'2024-12-03 00:00:00','7711','1000037401','COMERCIAL ARANDANOCOM DEL SUR CIA','50640324','EGU074','814190293','5746',2.00,0.00,0.00,0.00,NULL,'A',1),(566,'2024-12-03 00:00:00','7711','1000037401','COMERCIAL ARANDANOCOM DEL SUR CIA','50640324','EGU074','814190293','5769',1.00,0.00,0.00,0.00,NULL,'A',1),(567,'2024-12-03 00:00:00','7711','1000037401','COMERCIAL ARANDANOCOM DEL SUR CIA','50640324','EGU074','814190293','12037',2.00,0.00,0.00,0.00,NULL,'A',1),(568,'2024-12-03 00:00:00','7711','1000037401','COMERCIAL ARANDANOCOM DEL SUR CIA','50640324','EGU074','814190293','5778',4.00,0.00,0.00,0.00,NULL,'A',1),(569,'2024-12-03 00:00:00','7711','1000037401','COMERCIAL ARANDANOCOM DEL SUR CIA','50640324','EGU074','814190293','10071',2.00,0.00,0.00,0.00,NULL,'A',1),(570,'2024-12-03 00:00:00','7711','1000037401','COMERCIAL ARANDANOCOM DEL SUR CIA','50640324','EGU074','814190293','5729',3.00,0.00,0.00,0.00,NULL,'A',1),(571,'2024-12-03 00:00:00','7711','1000037401','COMERCIAL ARANDANOCOM DEL SUR CIA','50640324','EGU074','814190293','5730',3.00,0.00,0.00,0.00,NULL,'A',1),(572,'2024-12-03 00:00:00','7711','1000037401','COMERCIAL ARANDANOCOM DEL SUR CIA','50640324','EGU074','814190293','5731',2.00,0.00,0.00,0.00,NULL,'A',1),(573,'2024-12-03 00:00:00','7711','1000037401','COMERCIAL ARANDANOCOM DEL SUR CIA','50640324','EGU074','814190293','5735',6.00,0.00,0.00,0.00,NULL,'A',1),(574,'2024-12-03 00:00:00','7711','1000037401','COMERCIAL ARANDANOCOM DEL SUR CIA','50640324','EGU074','814190293','5736',2.00,0.00,0.00,0.00,NULL,'A',1),(575,'2024-12-03 00:00:00','7711','1000037401','COMERCIAL ARANDANOCOM DEL SUR CIA','50640324','EGU074','814190293','5737',2.00,0.00,0.00,0.00,NULL,'A',1),(576,'2024-12-03 00:00:00','7711','1000037401','COMERCIAL ARANDANOCOM DEL SUR CIA','50640324','EGU074','814190293','5818',3.00,0.00,0.00,0.00,NULL,'A',1),(577,'2024-12-03 00:00:00','7711','1000037401','COMERCIAL ARANDANOCOM DEL SUR CIA','50640324','EGU074','814190293','10096',3.00,0.00,0.00,0.00,NULL,'A',1),(578,'2024-12-03 00:00:00','7711','1000037401','COMERCIAL ARANDANOCOM DEL SUR CIA','50640324','EGU074','814190293','12416',3.00,0.00,0.00,0.00,NULL,'A',1),(579,'2024-12-03 00:00:00','7711','1000037401','COMERCIAL ARANDANOCOM DEL SUR CIA','50640324','EGU074','814190293','5510',6.00,0.00,0.00,0.00,NULL,'A',1),(580,'2024-12-03 00:00:00','7711','1000037401','COMERCIAL ARANDANOCOM DEL SUR CIA','50640324','EGU074','814190293','5512',3.00,0.00,0.00,0.00,NULL,'A',1),(581,'2024-12-03 00:00:00','7711','1000037401','COMERCIAL ARANDANOCOM DEL SUR CIA','50640324','EGU074','814190293','10990',3.00,0.00,0.00,0.00,NULL,'A',1),(582,'2024-12-03 00:00:00','7711','1000037401','COMERCIAL ARANDANOCOM DEL SUR CIA','50640324','EGU074','814190293','4163',2.00,0.00,0.00,0.00,NULL,'A',1),(583,'2024-12-03 00:00:00','7711','1000036994','PACHECO VIDAL CARLOS GILBERTO','50640324','EGU077','814190219','16744',3.00,0.00,0.00,0.00,NULL,'A',1),(584,'2024-12-03 00:00:00','7711','1000036994','PACHECO VIDAL CARLOS GILBERTO','50640324','EGU077','814190219','5706',3.00,0.00,0.00,0.00,NULL,'A',1),(585,'2024-12-03 00:00:00','7711','1000036994','PACHECO VIDAL CARLOS GILBERTO','50640324','EGU077','814190219','5748',1.00,0.00,0.00,0.00,NULL,'A',1),(586,'2024-12-03 00:00:00','7711','1000036994','PACHECO VIDAL CARLOS GILBERTO','50640324','EGU077','814190219','5731',4.00,0.00,0.00,0.00,NULL,'A',1),(587,'2024-12-03 00:00:00','7711','1000036994','PACHECO VIDAL CARLOS GILBERTO','50640324','EGU077','814190219','5735',2.00,0.00,0.00,0.00,NULL,'A',1),(588,'2024-12-03 00:00:00','7711','1000036994','PACHECO VIDAL CARLOS GILBERTO','50640324','EGU077','814190219','5523',4.00,0.00,0.00,0.00,NULL,'A',1),(589,'2024-12-03 00:00:00','7711','1000109605','PINDUISACA PARCO LUIS ALFONSO','50640324','EGU074','814190461','11107',1.00,0.00,0.00,0.00,NULL,'A',1),(590,'2024-12-03 00:00:00','7711','1000108490','BOCATTI CC','50640324','EGU075','814190460','17155',50.00,0.00,0.00,0.00,NULL,'A',1),(591,'2024-12-03 00:00:00','7711','1000108490','BOCATTI CC','50640324','EGU075','814190460','8208',5.00,0.00,0.00,0.00,NULL,'A',1),(592,'2024-12-03 00:00:00','7711','1000108490','BOCATTI CC','50640324','EGU075','814190460','5703',8.00,0.00,0.00,0.00,NULL,'A',1),(593,'2024-12-03 00:00:00','7711','1000108490','BOCATTI CC','50640324','EGU075','814190460','12036',7.00,0.00,0.00,0.00,NULL,'A',1),(594,'2024-12-03 00:00:00','7711','1000108490','BOCATTI CC','50640324','EGU075','814190460','5753',6.00,0.00,0.00,0.00,NULL,'A',1),(595,'2024-12-03 00:00:00','7711','1000108490','BOCATTI CC','50640324','EGU075','814190460','5760',2.00,0.00,0.00,0.00,NULL,'A',1),(596,'2024-12-03 00:00:00','7711','1000108490','BOCATTI CC','50640324','EGU075','814190460','10071',10.00,0.00,0.00,0.00,NULL,'A',1),(597,'2024-12-03 00:00:00','7711','1000108490','BOCATTI CC','50640324','EGU075','814190460','5730',1.00,0.00,0.00,0.00,NULL,'A',1),(598,'2024-12-03 00:00:00','7711','1000108490','BOCATTI CC','50640324','EGU075','814190460','5731',12.00,0.00,0.00,0.00,NULL,'A',1),(599,'2024-12-03 00:00:00','7711','1000108490','BOCATTI CC','50640324','EGU075','814190460','5732',2.00,0.00,0.00,0.00,NULL,'A',1),(600,'2024-12-03 00:00:00','7711','1000108490','BOCATTI CC','50640324','EGU075','814190460','5736',1.00,0.00,0.00,0.00,NULL,'A',1),(601,'2024-12-03 00:00:00','7711','1000108490','BOCATTI CC','50640324','EGU075','814190460','5513',2.00,0.00,0.00,0.00,NULL,'A',1),(602,'2024-12-03 00:00:00','7711','1000072567','OCHOA QUITO THALIA ARACELI','50640324','EGU074','814190452','17155',4.00,0.00,0.00,0.00,NULL,'A',1),(603,'2024-12-03 00:00:00','7711','1000072567','OCHOA QUITO THALIA ARACELI','50640324','EGU074','814190452','8208',1.00,0.00,0.00,0.00,NULL,'A',1),(604,'2024-12-03 00:00:00','7711','1000039168','MOROCHO ORDONES WILSON FABIAN','50640324','EGU074','814190450','14606',2.00,0.00,0.00,0.00,NULL,'A',1),(605,'2024-12-03 00:00:00','7711','1000039168','MOROCHO ORDONES WILSON FABIAN','50640324','EGU074','814190450','14607',4.00,0.00,0.00,0.00,NULL,'A',1),(606,'2024-12-03 00:00:00','7711','1000039168','MOROCHO ORDONES WILSON FABIAN','50640324','EGU074','814190450','16157',1.00,0.00,0.00,0.00,NULL,'A',1),(607,'2024-12-03 00:00:00','7711','1000039168','MOROCHO ORDONES WILSON FABIAN','50640324','EGU074','814190450','16272',2.00,0.00,0.00,0.00,NULL,'A',1),(608,'2024-12-03 00:00:00','7711','1000039168','MOROCHO ORDONES WILSON FABIAN','50640324','EGU074','814190450','16510',2.00,0.00,0.00,0.00,NULL,'A',1),(609,'2024-12-03 00:00:00','7711','1000039168','MOROCHO ORDONES WILSON FABIAN','50640324','EGU074','814190450','16512',3.00,0.00,0.00,0.00,NULL,'A',1),(610,'2024-12-03 00:00:00','7711','1000039168','MOROCHO ORDONES WILSON FABIAN','50640324','EGU074','814190450','16515',1.00,0.00,0.00,0.00,NULL,'A',1),(611,'2024-12-03 00:00:00','7711','1000039168','MOROCHO ORDONES WILSON FABIAN','50640324','EGU074','814190450','12035',1.00,0.00,0.00,0.00,NULL,'A',1),(612,'2024-12-03 00:00:00','7711','1000039168','MOROCHO ORDONES WILSON FABIAN','50640324','EGU074','814190450','5750',1.00,0.00,0.00,0.00,NULL,'A',1),(613,'2024-12-03 00:00:00','7711','1000039168','MOROCHO ORDONES WILSON FABIAN','50640324','EGU074','814190450','5729',1.00,0.00,0.00,0.00,NULL,'A',1),(614,'2024-12-03 00:00:00','7711','1000039168','MOROCHO ORDONES WILSON FABIAN','50640324','EGU074','814190450','10127',5.00,0.00,0.00,0.00,NULL,'A',1),(615,'2024-12-03 00:00:00','7711','1000039168','MOROCHO ORDONES WILSON FABIAN','50640324','EGU074','814190450','5510',2.00,0.00,0.00,0.00,NULL,'A',1),(616,'2024-12-03 00:00:00','7711','1000039168','MOROCHO ORDONES WILSON FABIAN','50640324','EGU074','814190450','4921',2.00,0.00,0.00,0.00,NULL,'A',1),(617,'2024-12-03 00:00:00','7711','1000039168','MOROCHO ORDONES WILSON FABIAN','50640324','EGU074','814190450','4923',2.00,0.00,0.00,0.00,NULL,'A',1),(618,'2024-12-03 00:00:00','7711','1000039168','MOROCHO ORDONES WILSON FABIAN','50640324','EGU074','814190450','6219239',2.00,0.00,0.00,0.00,NULL,'A',1),(619,'2024-12-03 00:00:00','7711','1000039168','MOROCHO ORDONES WILSON FABIAN','50640324','EGU074','814190450','6221239',1.00,0.00,0.00,0.00,NULL,'A',1),(620,'2024-12-03 00:00:00','7711','1000039168','MOROCHO ORDONES WILSON FABIAN','50640324','EGU074','814190450','6222239',1.00,0.00,0.00,0.00,NULL,'A',1),(621,'2024-12-03 00:00:00','7711','1000039168','MOROCHO ORDONES WILSON FABIAN','50640324','EGU074','814190450','6226239',1.00,0.00,0.00,0.00,NULL,'A',1),(622,'2024-12-03 00:00:00','7711','1000039168','MOROCHO ORDONES WILSON FABIAN','50640324','EGU074','814190450','10654',2.00,0.00,0.00,0.00,NULL,'A',1),(623,'2024-12-03 00:00:00','7711','1000039168','MOROCHO ORDONES WILSON FABIAN','50640324','EGU074','814190450','4161',1.00,0.00,0.00,0.00,NULL,'A',1),(624,'2024-12-03 00:00:00','7711','1000039168','MOROCHO ORDONES WILSON FABIAN','50640324','EGU074','814190450','11177',1.00,0.00,0.00,0.00,NULL,'A',1),(625,'2024-12-03 00:00:00','7711','1000039168','MOROCHO ORDONES WILSON FABIAN','50640324','EGU074','814190450','10984',2.00,0.00,0.00,0.00,NULL,'A',1),(626,'2024-12-03 00:00:00','7711','1000023680','GIL JARA JAVIER OSWALDO','50640324','EGU074','814190449','8654',3.00,0.00,0.00,0.00,NULL,'A',1),(627,'2024-12-03 00:00:00','7711','1000023680','GIL JARA JAVIER OSWALDO','50640324','EGU074','814190449','8655',1.00,0.00,0.00,0.00,NULL,'A',1),(628,'2024-12-03 00:00:00','7711','1000023680','GIL JARA JAVIER OSWALDO','50640324','EGU074','814190449','16408',1.00,0.00,0.00,0.00,NULL,'A',1),(629,'2024-12-03 00:00:00','7711','1000023680','GIL JARA JAVIER OSWALDO','50640324','EGU074','814190449','16511',1.00,0.00,0.00,0.00,NULL,'A',1),(630,'2024-12-03 00:00:00','7711','1000023680','GIL JARA JAVIER OSWALDO','50640324','EGU074','814190449','17113',1.00,0.00,0.00,0.00,NULL,'A',1),(631,'2024-12-03 00:00:00','7711','1000023680','GIL JARA JAVIER OSWALDO','50640324','EGU074','814190449','17114',1.00,0.00,0.00,0.00,NULL,'A',1),(632,'2024-12-03 00:00:00','7711','1000023680','GIL JARA JAVIER OSWALDO','50640324','EGU074','814190449','17115',1.00,0.00,0.00,0.00,NULL,'A',1),(633,'2024-12-03 00:00:00','7711','1000023680','GIL JARA JAVIER OSWALDO','50640324','EGU074','814190449','11105',1.00,0.00,0.00,0.00,NULL,'A',1),(634,'2024-12-03 00:00:00','7711','1000023680','GIL JARA JAVIER OSWALDO','50640324','EGU074','814190449','4920',1.00,0.00,0.00,0.00,NULL,'A',1),(635,'2024-12-03 00:00:00','7711','1000023680','GIL JARA JAVIER OSWALDO','50640324','EGU074','814190449','10654',2.00,0.00,0.00,0.00,NULL,'A',1),(636,'2024-12-03 00:00:00','7711','1000023680','GIL JARA JAVIER OSWALDO','50640324','EGU074','814190449','10990',1.00,0.00,0.00,0.00,NULL,'A',1),(637,'2024-12-03 00:00:00','7711','1000023680','GIL JARA JAVIER OSWALDO','50640324','EGU074','814190449','4895',1.00,0.00,0.00,0.00,NULL,'A',1),(638,'2024-12-03 00:00:00','7711','1000023680','GIL JARA JAVIER OSWALDO','50640324','EGU074','814190449','4162',3.00,0.00,0.00,0.00,NULL,'A',1),(639,'2024-12-03 00:00:00','7711','1000023680','GIL JARA JAVIER OSWALDO','50640324','EGU074','814190449','11175',2.00,0.00,0.00,0.00,NULL,'A',1),(640,'2024-12-03 00:00:00','7711','1000023680','GIL JARA JAVIER OSWALDO','50640324','EGU074','814190449','11177',2.00,0.00,0.00,0.00,NULL,'A',1),(641,'2024-12-03 00:00:00','7711','1000023680','GIL JARA JAVIER OSWALDO','50640324','EGU074','814190449','10984',1.00,0.00,0.00,0.00,NULL,'A',1),(642,'2024-12-03 00:00:00','7711','1000036953','DISVENTAS CIA LTDA','50640324','EGU079','814190447','5510',20.00,0.00,0.00,0.00,NULL,'A',1),(643,'2024-12-03 00:00:00','7711','1000037401','COMERCIAL ARANDANOCOM DEL SUR CIA','50640324','EGU074','814190439','15592',1.00,0.00,0.00,0.00,NULL,'A',1),(644,'2024-12-03 00:00:00','7711','1000037401','COMERCIAL ARANDANOCOM DEL SUR CIA','50640324','EGU074','814190439','16510',1.00,0.00,0.00,0.00,NULL,'A',1),(645,'2024-12-03 00:00:00','7711','1000037401','COMERCIAL ARANDANOCOM DEL SUR CIA','50640324','EGU074','814190439','16513',1.00,0.00,0.00,0.00,NULL,'A',1),(646,'2024-12-03 00:00:00','7711','1000037401','COMERCIAL ARANDANOCOM DEL SUR CIA','50640324','EGU074','814190439','16527',2.00,0.00,0.00,0.00,NULL,'A',1),(647,'2024-12-03 00:00:00','7711','1000037401','COMERCIAL ARANDANOCOM DEL SUR CIA','50640324','EGU074','814190439','16530',2.00,0.00,0.00,0.00,NULL,'A',1),(648,'2024-12-03 00:00:00','7711','1000037401','COMERCIAL ARANDANOCOM DEL SUR CIA','50640324','EGU074','814190439','17113',3.00,0.00,0.00,0.00,NULL,'A',1),(649,'2024-12-03 00:00:00','7711','1000037401','COMERCIAL ARANDANOCOM DEL SUR CIA','50640324','EGU074','814190439','5769',2.00,0.00,0.00,0.00,NULL,'A',1),(650,'2024-12-03 00:00:00','7711','1000037401','COMERCIAL ARANDANOCOM DEL SUR CIA','50640324','EGU074','814190439','5749',1.00,0.00,0.00,0.00,NULL,'A',1),(651,'2024-12-03 00:00:00','7711','1000037401','COMERCIAL ARANDANOCOM DEL SUR CIA','50640324','EGU074','814190439','5523',1.00,0.00,0.00,0.00,NULL,'A',1),(652,'2024-12-03 00:00:00','7711','1000037401','COMERCIAL ARANDANOCOM DEL SUR CIA','50640324','EGU074','814190439','4454239',2.00,0.00,0.00,0.00,NULL,'A',1),(653,'2024-12-03 00:00:00','7711','1000037401','COMERCIAL ARANDANOCOM DEL SUR CIA','50640324','EGU074','814190439','6219239',1.00,0.00,0.00,0.00,NULL,'A',1),(654,'2024-12-03 00:00:00','7711','1000037401','COMERCIAL ARANDANOCOM DEL SUR CIA','50640324','EGU074','814190439','6222239',1.00,0.00,0.00,0.00,NULL,'A',1),(655,'2024-12-03 00:00:00','7711','1000037401','COMERCIAL ARANDANOCOM DEL SUR CIA','50640324','EGU074','814190439','6226239',1.00,0.00,0.00,0.00,NULL,'A',1),(656,'2024-12-03 00:00:00','7711','1000037401','COMERCIAL ARANDANOCOM DEL SUR CIA','50640324','EGU074','814190439','10653',2.00,0.00,0.00,0.00,NULL,'A',1),(657,'2024-12-03 00:00:00','7711','1000037401','COMERCIAL ARANDANOCOM DEL SUR CIA','50640324','EGU074','814190439','10654',2.00,0.00,0.00,0.00,NULL,'A',1),(658,'2024-12-03 00:00:00','7711','1000037401','COMERCIAL ARANDANOCOM DEL SUR CIA','50640324','EGU074','814190439','12299',2.00,0.00,0.00,0.00,NULL,'A',1),(659,'2024-12-03 00:00:00','7711','1000036800','SALDANA GALINDO JUAN MANUEL','50640324','EGU074','814190430','5745',3.00,0.00,3.00,-3.00,'01','P',1),(660,'2024-12-03 00:00:00','7711','1000036800','SALDANA GALINDO JUAN MANUEL','50640324','EGU074','814190430','5764',2.80,0.00,2.80,-2.80,'01','P',1),(661,'2024-12-03 00:00:00','7711','1000036800','SALDANA GALINDO JUAN MANUEL','50640324','EGU074','814190430','5719',3.40,0.00,3.40,-3.40,'01','P',1),(662,'2024-12-03 00:00:00','7711','1000036800','SALDANA GALINDO JUAN MANUEL','50640324','EGU074','814190430','5761',5.20,0.00,4.80,-5.20,'03','P',1),(663,'2024-12-03 00:00:00','7711','1000115040','VILLA GARCIA PATRICIO VICENTE','50640324','EGU074','814190428','5523',6.00,0.00,0.00,0.00,NULL,'A',1),(664,'2024-12-03 00:00:00','7711','1000038146','ORTIZ SOLORZANO MARIA ERMELINDA','50640324','EGU074','814190417','16156',6.00,0.00,0.00,0.00,NULL,'A',1),(665,'2024-12-03 00:00:00','7711','1000038146','ORTIZ SOLORZANO MARIA ERMELINDA','50640324','EGU074','814190417','16157',6.00,0.00,0.00,0.00,NULL,'A',1),(666,'2024-12-03 00:00:00','7711','1000038146','ORTIZ SOLORZANO MARIA ERMELINDA','50640324','EGU074','814190417','16679',1.00,0.00,0.00,0.00,NULL,'A',1),(667,'2024-12-03 00:00:00','7711','1000038146','ORTIZ SOLORZANO MARIA ERMELINDA','50640324','EGU074','814190417','16680',1.00,0.00,0.00,0.00,NULL,'A',1),(668,'2024-12-03 00:00:00','7711','1000038146','ORTIZ SOLORZANO MARIA ERMELINDA','50640324','EGU074','814190417','10829',1.00,0.00,0.00,0.00,NULL,'A',1),(669,'2024-12-03 00:00:00','7711','1000038146','ORTIZ SOLORZANO MARIA ERMELINDA','50640324','EGU074','814190417','10830',1.00,0.00,0.00,0.00,NULL,'A',1),(670,'2024-12-03 00:00:00','7711','1000038146','ORTIZ SOLORZANO MARIA ERMELINDA','50640324','EGU074','814190417','12036',2.00,0.00,0.00,0.00,NULL,'A',1),(671,'2024-12-03 00:00:00','7711','1000038146','ORTIZ SOLORZANO MARIA ERMELINDA','50640324','EGU074','814190417','5766',3.00,0.00,0.00,0.00,NULL,'A',1),(672,'2024-12-03 00:00:00','7711','1000038146','ORTIZ SOLORZANO MARIA ERMELINDA','50640324','EGU074','814190417','5777',3.00,0.00,0.00,0.00,NULL,'A',1),(673,'2024-12-03 00:00:00','7711','1000038146','ORTIZ SOLORZANO MARIA ERMELINDA','50640324','EGU074','814190417','4163',1.00,0.00,0.00,0.00,NULL,'A',1),(674,'2024-12-03 00:00:00','7711','1000038146','ORTIZ SOLORZANO MARIA ERMELINDA','50640324','EGU074','814190417','5244',1.00,0.00,0.00,0.00,NULL,'A',1),(675,'2024-12-03 00:00:00','7711','1000113186','CABRERA CAMPOVERDE STEPHANIE GABR','50640324','EGU074','814190695','17155',20.00,0.00,0.00,0.00,NULL,'A',1),(676,'2024-12-03 00:00:00','7711','1000109605','PINDUISACA PARCO LUIS ALFONSO','50640324','EGU074','814190687','14606',2.00,0.00,0.00,0.00,NULL,'A',1),(677,'2024-12-03 00:00:00','7711','1000109605','PINDUISACA PARCO LUIS ALFONSO','50640324','EGU074','814190687','14607',2.00,0.00,0.00,0.00,NULL,'A',1),(678,'2024-12-03 00:00:00','7711','1000109605','PINDUISACA PARCO LUIS ALFONSO','50640324','EGU074','814190687','16156',5.00,0.00,0.00,0.00,NULL,'A',1),(679,'2024-12-03 00:00:00','7711','1000109605','PINDUISACA PARCO LUIS ALFONSO','50640324','EGU074','814190687','16158',2.00,0.00,0.00,0.00,NULL,'A',1),(680,'2024-12-03 00:00:00','7711','1000109605','PINDUISACA PARCO LUIS ALFONSO','50640324','EGU074','814190687','16680',1.00,0.00,0.00,0.00,NULL,'A',1),(681,'2024-12-03 00:00:00','7711','1000109605','PINDUISACA PARCO LUIS ALFONSO','50640324','EGU074','814190687','12036',5.00,0.00,0.00,0.00,NULL,'A',1),(682,'2024-12-03 00:00:00','7711','1000109605','PINDUISACA PARCO LUIS ALFONSO','50640324','EGU074','814190687','4454239',4.00,0.00,0.00,0.00,NULL,'A',1),(683,'2024-12-03 00:00:00','7711','1000109605','PINDUISACA PARCO LUIS ALFONSO','50640324','EGU074','814190687','4161',1.00,0.00,0.00,0.00,NULL,'A',1),(684,'2024-12-03 00:00:00','7711','1000109605','PINDUISACA PARCO LUIS ALFONSO','50640324','EGU074','814190687','4163',1.00,0.00,0.00,0.00,NULL,'A',1),(685,'2024-12-03 00:00:00','7711','1000109605','PINDUISACA PARCO LUIS ALFONSO','50640324','EGU074','814190687','11175',2.00,0.00,0.00,0.00,NULL,'A',1),(686,'2024-12-03 00:00:00','7711','1000109605','PINDUISACA PARCO LUIS ALFONSO','50640324','EGU074','814190687','11177',2.00,0.00,0.00,0.00,NULL,'A',1),(687,'2024-12-03 00:00:00','7711','1000109605','PINDUISACA PARCO LUIS ALFONSO','50640324','EGU074','814190687','10984',2.00,0.00,0.00,0.00,NULL,'A',1),(688,'2024-12-03 00:00:00','7711','1000109605','PINDUISACA PARCO LUIS ALFONSO','50640324','EGU074','814190687','10986',2.00,0.00,0.00,0.00,NULL,'A',1),(689,'2024-12-03 00:00:00','7711','1000109605','PINDUISACA PARCO LUIS ALFONSO','50640324','EGU074','814190687','5244',1.00,0.00,0.00,0.00,NULL,'A',1),(690,'2024-12-03 00:00:00','7711','1000109605','PINDUISACA PARCO LUIS ALFONSO','50640324','EGU074','814190687','5275',1.00,0.00,0.00,0.00,NULL,'A',1),(691,'2024-12-03 00:00:00','7711','1000108490','BOCATTI CC','50640324','EGU075','814190671','5766',1.00,0.00,0.00,0.00,NULL,'A',1),(692,'2024-12-03 00:00:00','7711','1000108490','BOCATTI CC','50640324','EGU075','814190671','5759',1.00,0.00,0.00,0.00,NULL,'A',1),(693,'2024-12-03 00:00:00','7711','1000108490','BOCATTI CC','50640324','EGU075','814190671','5731',1.00,0.00,0.00,0.00,NULL,'A',1),(694,'2024-12-03 00:00:00','7711','1000108490','BOCATTI CC','50640324','EGU075','814190671','5732',2.00,0.00,0.00,0.00,NULL,'A',1),(695,'2024-12-03 00:00:00','7711','1000108490','BOCATTI CC','50640324','EGU075','814190671','5736',1.00,0.00,0.00,0.00,NULL,'A',1),(696,'2024-12-03 00:00:00','7711','1000036920','GRILL Y BAR CHIPLOTE CIA LTDA','50640324','EGU077','814190667','5701',1.00,0.00,0.00,0.00,NULL,'A',1),(697,'2024-12-03 00:00:00','7711','1000039168','MOROCHO ORDONES WILSON FABIAN','50640324','EGU074','814190663','5730',3.00,0.00,0.00,0.00,NULL,'A',1),(698,'2024-12-03 00:00:00','7711','1000039168','MOROCHO ORDONES WILSON FABIAN','50640324','EGU074','814190663','5736',3.00,0.00,0.00,0.00,NULL,'A',1),(699,'2024-12-03 00:00:00','7711','1000036722','TAMAYO SALDANA JUANA CATALINA','50640324','EGU074','814190660','8261',15.00,0.00,0.00,0.00,NULL,'A',1),(700,'2024-12-03 00:00:00','7711','1000036722','TAMAYO SALDANA JUANA CATALINA','50640324','EGU074','814190660','5709',15.00,0.00,0.00,0.00,NULL,'A',1),(701,'2024-12-03 00:00:00','7711','1000038146','ORTIZ SOLORZANO MARIA ERMELINDA','50640324','EGU074','814190655','10984',3.00,0.00,0.00,0.00,NULL,'A',1),(702,'2024-12-03 00:00:00','7711','1000057602','COELLAR DELGADO EVA DEL ROCIO','50640324','EGU077','814190653','5701',1.00,0.00,0.00,0.00,NULL,'A',1),(703,'2024-12-03 00:00:00','7711','1000036893','CUENCAORO HOTELERA CUENCA SA','50640324','EGU074','814190616','5703',12.00,0.00,0.00,0.00,NULL,'A',1),(704,'2024-12-03 00:00:00','7711','1000036893','CUENCAORO HOTELERA CUENCA SA','50640324','EGU074','814190616','5758',22.40,0.00,0.00,0.00,NULL,'A',1),(705,'2024-12-03 00:00:00','7711','1000036893','CUENCAORO HOTELERA CUENCA SA','50640324','EGU074','814190616','5764',22.40,0.00,0.00,0.00,NULL,'A',1),(706,'2024-12-03 00:00:00','7711','1000113179','GARAY PALACIOS ADOLFO TEODORO','50640325','EGU077','814190520','14607',5.00,0.00,0.00,0.00,NULL,'A',1),(707,'2024-12-03 00:00:00','7711','1000113179','GARAY PALACIOS ADOLFO TEODORO','50640325','EGU077','814190520','14719',1.00,0.00,0.00,0.00,NULL,'A',1),(708,'2024-12-03 00:00:00','7711','1000113179','GARAY PALACIOS ADOLFO TEODORO','50640325','EGU077','814190520','17350',5.00,0.00,0.00,0.00,NULL,'A',1),(709,'2024-12-03 00:00:00','7711','1000113179','GARAY PALACIOS ADOLFO TEODORO','50640325','EGU077','814190520','10830',2.00,0.00,0.00,0.00,NULL,'A',1),(710,'2024-12-03 00:00:00','7711','1000113179','GARAY PALACIOS ADOLFO TEODORO','50640325','EGU077','814190520','5771',3.00,0.00,0.00,0.00,NULL,'A',1),(711,'2024-12-03 00:00:00','7711','1000113179','GARAY PALACIOS ADOLFO TEODORO','50640325','EGU077','814190520','5731',4.00,0.00,0.00,0.00,NULL,'A',1),(712,'2024-12-03 00:00:00','7711','1000113179','GARAY PALACIOS ADOLFO TEODORO','50640325','EGU077','814190520','11175',5.00,0.00,0.00,0.00,NULL,'A',1),(713,'2024-12-03 00:00:00','7711','1000113179','GARAY PALACIOS ADOLFO TEODORO','50640325','EGU077','814190520','11177',5.00,0.00,0.00,0.00,NULL,'A',1),(714,'2024-12-03 00:00:00','7711','1000038125','MARTINEZ CUZCO CRISTIAN GEOVANNY','50640325','EGU077','814190521','15565',2.00,0.00,0.00,0.00,NULL,'A',1),(715,'2024-12-03 00:00:00','7711','1000038125','MARTINEZ CUZCO CRISTIAN GEOVANNY','50640325','EGU077','814190521','15592',4.00,0.00,0.00,0.00,NULL,'A',1),(716,'2024-12-03 00:00:00','7711','1000038125','MARTINEZ CUZCO CRISTIAN GEOVANNY','50640325','EGU077','814190521','8206',2.00,0.00,0.00,0.00,NULL,'A',1),(717,'2024-12-03 00:00:00','7711','1000038125','MARTINEZ CUZCO CRISTIAN GEOVANNY','50640325','EGU077','814190521','5510',5.00,0.00,0.00,0.00,NULL,'A',1),(718,'2024-12-03 00:00:00','7711','1000038125','MARTINEZ CUZCO CRISTIAN GEOVANNY','50640325','EGU077','814190521','10653',5.00,0.00,0.00,0.00,NULL,'A',1),(719,'2024-12-03 00:00:00','7711','1000038125','MARTINEZ CUZCO CRISTIAN GEOVANNY','50640325','EGU077','814190521','10654',8.00,0.00,0.00,0.00,NULL,'A',1),(720,'2024-12-03 00:00:00','7711','1000038125','MARTINEZ CUZCO CRISTIAN GEOVANNY','50640325','EGU077','814190521','10990',5.00,0.00,0.00,0.00,NULL,'A',1),(721,'2024-12-03 00:00:00','7711','1000038040','DELGADO ORTIZ CARLOS ALFREDO','50640325','EGU077','814190468','15565',1.00,0.00,0.00,0.00,NULL,'A',1),(722,'2024-12-03 00:00:00','7711','1000038040','DELGADO ORTIZ CARLOS ALFREDO','50640325','EGU077','814190468','15592',2.00,0.00,0.00,0.00,NULL,'A',1),(723,'2024-12-03 00:00:00','7711','1000038040','DELGADO ORTIZ CARLOS ALFREDO','50640325','EGU077','814190468','16157',4.00,0.00,0.00,0.00,NULL,'A',1),(724,'2024-12-03 00:00:00','7711','1000038040','DELGADO ORTIZ CARLOS ALFREDO','50640325','EGU077','814190468','16678',3.00,0.00,0.00,0.00,NULL,'A',1),(725,'2024-12-03 00:00:00','7711','1000038040','DELGADO ORTIZ CARLOS ALFREDO','50640325','EGU077','814190468','17350',3.00,0.00,0.00,0.00,NULL,'A',1),(726,'2024-12-03 00:00:00','7711','1000038040','DELGADO ORTIZ CARLOS ALFREDO','50640325','EGU077','814190468','8206',3.00,0.00,0.00,0.00,NULL,'A',1),(727,'2024-12-03 00:00:00','7711','1000038040','DELGADO ORTIZ CARLOS ALFREDO','50640325','EGU077','814190468','5709',6.00,0.00,0.00,0.00,NULL,'A',1),(728,'2024-12-03 00:00:00','7711','1000038040','DELGADO ORTIZ CARLOS ALFREDO','50640325','EGU077','814190468','12036',4.00,0.00,0.00,0.00,NULL,'A',1),(729,'2024-12-03 00:00:00','7711','1000038040','DELGADO ORTIZ CARLOS ALFREDO','50640325','EGU077','814190468','10654',2.00,0.00,0.00,0.00,NULL,'A',1),(730,'2024-12-03 00:00:00','7711','1000038040','DELGADO ORTIZ CARLOS ALFREDO','50640325','EGU077','814190468','12299',5.00,0.00,0.00,0.00,NULL,'A',1),(731,'2024-12-03 00:00:00','7711','1000038206','VILLA PICHIZACA NORMA ISABEL','50640325','EGU077','814190484','15592',4.00,0.00,0.00,0.00,NULL,'A',1),(732,'2024-12-03 00:00:00','7711','1000038206','VILLA PICHIZACA NORMA ISABEL','50640325','EGU077','814190484','15997',2.00,0.00,0.00,0.00,NULL,'A',1),(733,'2024-12-03 00:00:00','7711','1000038206','VILLA PICHIZACA NORMA ISABEL','50640325','EGU077','814190484','16156',2.00,0.00,0.00,0.00,NULL,'A',1),(734,'2024-12-03 00:00:00','7711','1000038206','VILLA PICHIZACA NORMA ISABEL','50640325','EGU077','814190484','16157',2.00,0.00,0.00,0.00,NULL,'A',1),(735,'2024-12-03 00:00:00','7711','1000038206','VILLA PICHIZACA NORMA ISABEL','50640325','EGU077','814190484','16678',4.00,0.00,0.00,0.00,NULL,'A',1),(736,'2024-12-03 00:00:00','7711','1000038206','VILLA PICHIZACA NORMA ISABEL','50640325','EGU077','814190484','17113',2.00,0.00,0.00,0.00,NULL,'A',1),(737,'2024-12-03 00:00:00','7711','1000038206','VILLA PICHIZACA NORMA ISABEL','50640325','EGU077','814190484','17114',3.00,0.00,0.00,0.00,NULL,'A',1),(738,'2024-12-03 00:00:00','7711','1000038206','VILLA PICHIZACA NORMA ISABEL','50640325','EGU077','814190484','17115',3.00,0.00,0.00,0.00,NULL,'A',1),(739,'2024-12-03 00:00:00','7711','1000038206','VILLA PICHIZACA NORMA ISABEL','50640325','EGU077','814190484','17116',3.00,0.00,0.00,0.00,NULL,'A',1),(740,'2024-12-03 00:00:00','7711','1000038206','VILLA PICHIZACA NORMA ISABEL','50640325','EGU077','814190484','17117',3.00,0.00,0.00,0.00,NULL,'A',1),(741,'2024-12-03 00:00:00','7711','1000038206','VILLA PICHIZACA NORMA ISABEL','50640325','EGU077','814190484','17350',2.00,0.00,0.00,0.00,NULL,'A',1),(742,'2024-12-03 00:00:00','7711','1000038206','VILLA PICHIZACA NORMA ISABEL','50640325','EGU077','814190484','8656',3.00,0.00,0.00,0.00,NULL,'A',1),(743,'2024-12-03 00:00:00','7711','1000038206','VILLA PICHIZACA NORMA ISABEL','50640325','EGU077','814190484','10663',3.00,0.00,0.00,0.00,NULL,'A',1),(744,'2024-12-03 00:00:00','7711','1000038206','VILLA PICHIZACA NORMA ISABEL','50640325','EGU077','814190484','5523',5.00,0.00,0.00,0.00,NULL,'A',1),(745,'2024-12-03 00:00:00','7711','1000038206','VILLA PICHIZACA NORMA ISABEL','50640325','EGU077','814190484','11796',2.00,0.00,0.00,0.00,NULL,'A',1),(746,'2024-12-03 00:00:00','7711','1000038206','VILLA PICHIZACA NORMA ISABEL','50640325','EGU077','814190484','4920',2.00,0.00,0.00,0.00,NULL,'A',1),(747,'2024-12-03 00:00:00','7711','1000038206','VILLA PICHIZACA NORMA ISABEL','50640325','EGU077','814190484','4921',2.00,0.00,0.00,0.00,NULL,'A',1),(748,'2024-12-03 00:00:00','7711','1000038206','VILLA PICHIZACA NORMA ISABEL','50640325','EGU077','814190484','6221239',1.00,0.00,0.00,0.00,NULL,'A',1),(749,'2024-12-03 00:00:00','7711','1000038206','VILLA PICHIZACA NORMA ISABEL','50640325','EGU077','814190484','10653',4.00,0.00,0.00,0.00,NULL,'A',1),(750,'2024-12-03 00:00:00','7711','1000038206','VILLA PICHIZACA NORMA ISABEL','50640325','EGU077','814190484','10654',4.00,0.00,0.00,0.00,NULL,'A',1),(751,'2024-12-03 00:00:00','7711','1000038206','VILLA PICHIZACA NORMA ISABEL','50640325','EGU077','814190484','10990',4.00,0.00,0.00,0.00,NULL,'A',1),(752,'2024-12-03 00:00:00','7711','1000038206','VILLA PICHIZACA NORMA ISABEL','50640325','EGU077','814190484','12299',4.00,0.00,0.00,0.00,NULL,'A',1),(753,'2024-12-03 00:00:00','7711','1000038206','VILLA PICHIZACA NORMA ISABEL','50640325','EGU077','814190484','2121',3.00,0.00,0.00,0.00,NULL,'A',1),(754,'2024-12-03 00:00:00','7711','1000038206','VILLA PICHIZACA NORMA ISABEL','50640325','EGU077','814190484','4160',1.00,0.00,0.00,0.00,NULL,'A',1),(755,'2024-12-03 00:00:00','7711','1000038206','VILLA PICHIZACA NORMA ISABEL','50640325','EGU077','814190484','4162',1.00,0.00,0.00,0.00,NULL,'A',1),(756,'2024-12-03 00:00:00','7711','1000038206','VILLA PICHIZACA NORMA ISABEL','50640325','EGU077','814190484','4010',2.00,0.00,0.00,0.00,NULL,'A',1),(757,'2024-12-03 00:00:00','7711','8000005607','CONORQUE CIALTDA','50640325','EGU075','814190650','5717',3.00,0.00,0.00,0.00,NULL,'A',1),(758,'2024-12-03 00:00:00','7711','8000005607','CONORQUE CIALTDA','50640325','EGU075','814190650','11037',3.00,0.00,0.00,0.00,NULL,'A',1),(759,'2024-12-03 00:00:00','7711','8000005607','CONORQUE CIALTDA','50640325','EGU075','814190650','14164',4.00,0.00,0.00,0.00,NULL,'A',1),(760,'2024-12-03 00:00:00','7711','8000005607','CONORQUE CIALTDA','50640325','EGU075','814190650','14165',3.00,0.00,0.00,0.00,NULL,'A',1),(761,'2024-12-03 00:00:00','7711','8000005607','CONORQUE CIALTDA','50640325','EGU075','814190650','14606',12.00,0.00,0.00,0.00,NULL,'A',1),(762,'2024-12-03 00:00:00','7711','8000005607','CONORQUE CIALTDA','50640325','EGU075','814190650','14607',10.00,0.00,0.00,0.00,NULL,'A',1),(763,'2024-12-03 00:00:00','7711','8000005607','CONORQUE CIALTDA','50640325','EGU075','814190650','15592',15.00,0.00,0.00,0.00,NULL,'A',1),(764,'2024-12-03 00:00:00','7711','8000005607','CONORQUE CIALTDA','50640325','EGU075','814190650','15594',1.00,0.00,0.00,0.00,NULL,'A',1),(765,'2024-12-03 00:00:00','7711','8000005607','CONORQUE CIALTDA','50640325','EGU075','814190650','15997',4.00,0.00,0.00,0.00,NULL,'A',1),(766,'2024-12-03 00:00:00','7711','8000005607','CONORQUE CIALTDA','50640325','EGU075','814190650','16017',1.00,0.00,0.00,0.00,NULL,'A',1),(767,'2024-12-03 00:00:00','7711','8000005607','CONORQUE CIALTDA','50640325','EGU075','814190650','16018',1.00,0.00,0.00,0.00,NULL,'A',1),(768,'2024-12-03 00:00:00','7711','8000005607','CONORQUE CIALTDA','50640325','EGU075','814190650','16157',10.00,0.00,0.00,0.00,NULL,'A',1),(769,'2024-12-03 00:00:00','7711','8000005607','CONORQUE CIALTDA','50640325','EGU075','814190650','16230',2.00,0.00,0.00,0.00,NULL,'A',1),(770,'2024-12-03 00:00:00','7711','8000005607','CONORQUE CIALTDA','50640325','EGU075','814190650','16232',6.00,0.00,0.00,0.00,NULL,'A',1),(771,'2024-12-03 00:00:00','7711','8000005607','CONORQUE CIALTDA','50640325','EGU075','814190650','16236',2.00,0.00,0.00,0.00,NULL,'A',1),(772,'2024-12-03 00:00:00','7711','8000005607','CONORQUE CIALTDA','50640325','EGU075','814190650','16530',12.00,0.00,0.00,0.00,NULL,'A',1),(773,'2024-12-03 00:00:00','7711','8000005607','CONORQUE CIALTDA','50640325','EGU075','814190650','16678',10.00,0.00,0.00,0.00,NULL,'A',1),(774,'2024-12-03 00:00:00','7711','8000005607','CONORQUE CIALTDA','50640325','EGU075','814190650','16679',3.00,0.00,0.00,0.00,NULL,'A',1),(775,'2024-12-03 00:00:00','7711','8000005607','CONORQUE CIALTDA','50640325','EGU075','814190650','16680',4.00,0.00,0.00,0.00,NULL,'A',1),(776,'2024-12-03 00:00:00','7711','8000005607','CONORQUE CIALTDA','50640325','EGU075','814190650','16745',4.00,0.00,0.00,0.00,NULL,'A',1),(777,'2024-12-03 00:00:00','7711','8000005607','CONORQUE CIALTDA','50640325','EGU075','814190650','17113',6.00,0.00,0.00,0.00,NULL,'A',1),(778,'2024-12-03 00:00:00','7711','8000005607','CONORQUE CIALTDA','50640325','EGU075','814190650','17115',6.00,0.00,0.00,0.00,NULL,'A',1),(779,'2024-12-03 00:00:00','7711','8000005607','CONORQUE CIALTDA','50640325','EGU075','814190650','17116',6.00,0.00,0.00,0.00,NULL,'A',1),(780,'2024-12-03 00:00:00','7711','8000005607','CONORQUE CIALTDA','50640325','EGU075','814190650','17117',6.00,0.00,0.00,0.00,NULL,'A',1),(781,'2024-12-03 00:00:00','7711','8000005607','CONORQUE CIALTDA','50640325','EGU075','814190650','17262',5.00,0.00,0.00,0.00,NULL,'A',1),(782,'2024-12-03 00:00:00','7711','8000005607','CONORQUE CIALTDA','50640325','EGU075','814190650','17350',10.00,0.00,0.00,0.00,NULL,'A',1),(783,'2024-12-03 00:00:00','7711','8000005607','CONORQUE CIALTDA','50640325','EGU075','814190650','11107',1.00,0.00,0.00,0.00,NULL,'A',1),(784,'2024-12-03 00:00:00','7711','8000005607','CONORQUE CIALTDA','50640325','EGU075','814190650','11109',2.00,0.00,0.00,0.00,NULL,'A',1),(785,'2024-12-03 00:00:00','7711','8000005607','CONORQUE CIALTDA','50640325','EGU075','814190650','11105',1.00,0.00,0.00,0.00,NULL,'A',1),(786,'2024-12-03 00:00:00','7711','8000005607','CONORQUE CIALTDA','50640325','EGU075','814190650','11108',1.00,0.00,0.00,0.00,NULL,'A',1),(787,'2024-12-03 00:00:00','7711','8000005607','CONORQUE CIALTDA','50640325','EGU075','814190650','11953',1.00,0.00,0.00,0.00,NULL,'A',1),(788,'2024-12-03 00:00:00','7711','8000005607','CONORQUE CIALTDA','50640325','EGU075','814190650','12549',3.00,0.00,0.00,0.00,NULL,'A',1),(789,'2024-12-03 00:00:00','7711','8000005607','CONORQUE CIALTDA','50640325','EGU075','814190650','10829',10.00,0.00,0.00,0.00,NULL,'A',1),(790,'2024-12-03 00:00:00','7711','8000005607','CONORQUE CIALTDA','50640325','EGU075','814190650','10830',10.00,0.00,0.00,0.00,NULL,'A',1),(791,'2024-12-03 00:00:00','7711','8000005607','CONORQUE CIALTDA','50640325','EGU075','814190650','12300',10.00,0.00,0.00,0.00,NULL,'A',1),(792,'2024-12-03 00:00:00','7711','8000005607','CONORQUE CIALTDA','50640325','EGU075','814190650','8260',20.00,0.00,0.00,0.00,NULL,'A',1),(793,'2024-12-03 00:00:00','7711','8000005607','CONORQUE CIALTDA','50640325','EGU075','814190650','8261',15.00,0.00,0.00,0.00,NULL,'A',1),(794,'2024-12-03 00:00:00','7711','8000005607','CONORQUE CIALTDA','50640325','EGU075','814190650','8208',1.00,0.00,0.00,0.00,NULL,'A',1),(795,'2024-12-03 00:00:00','7711','8000005607','CONORQUE CIALTDA','50640325','EGU075','814190650','5706',12.00,0.00,0.00,0.00,NULL,'A',1),(796,'2024-12-03 00:00:00','7711','8000005607','CONORQUE CIALTDA','50640325','EGU075','814190650','5709',10.00,0.00,0.00,0.00,NULL,'A',1),(797,'2024-12-03 00:00:00','7711','8000005607','CONORQUE CIALTDA','50640325','EGU075','814190650','5763',2.00,0.00,0.00,0.00,NULL,'A',1),(798,'2024-12-03 00:00:00','7711','8000005607','CONORQUE CIALTDA','50640325','EGU075','814190650','12035',10.00,0.00,0.00,0.00,NULL,'A',1),(799,'2024-12-03 00:00:00','7711','8000005607','CONORQUE CIALTDA','50640325','EGU075','814190650','5746',6.00,0.00,0.00,0.00,NULL,'A',1),(800,'2024-12-03 00:00:00','7711','8000005607','CONORQUE CIALTDA','50640325','EGU075','814190650','12036',5.00,0.00,0.00,0.00,NULL,'A',1),(801,'2024-12-03 00:00:00','7711','8000005607','CONORQUE CIALTDA','50640325','EGU075','814190650','5748',3.00,0.00,0.00,0.00,NULL,'A',1),(802,'2024-12-03 00:00:00','7711','8000005607','CONORQUE CIALTDA','50640325','EGU075','814190650','5780',2.00,0.00,0.00,0.00,NULL,'A',1),(803,'2024-12-03 00:00:00','7711','8000005607','CONORQUE CIALTDA','50640325','EGU075','814190650','5769',4.00,0.00,0.00,0.00,NULL,'A',1),(804,'2024-12-03 00:00:00','7711','8000005607','CONORQUE CIALTDA','50640325','EGU075','814190650','12037',4.00,0.00,0.00,0.00,NULL,'A',1),(805,'2024-12-03 00:00:00','7711','8000005607','CONORQUE CIALTDA','50640325','EGU075','814190650','5760',3.00,0.00,0.00,0.00,NULL,'A',1),(806,'2024-12-03 00:00:00','7711','8000005607','CONORQUE CIALTDA','50640325','EGU075','814190650','5759',3.00,0.00,0.00,0.00,NULL,'A',1),(807,'2024-12-03 00:00:00','7711','8000005607','CONORQUE CIALTDA','50640325','EGU075','814190650','5778',8.00,0.00,0.00,0.00,NULL,'A',1),(808,'2024-12-03 00:00:00','7711','8000005607','CONORQUE CIALTDA','50640325','EGU075','814190650','5750',2.00,0.00,0.00,0.00,NULL,'A',1),(809,'2024-12-03 00:00:00','7711','8000005607','CONORQUE CIALTDA','50640325','EGU075','814190650','10071',2.00,0.00,0.00,0.00,NULL,'A',1),(810,'2024-12-03 00:00:00','7711','8000005607','CONORQUE CIALTDA','50640325','EGU075','814190650','5729',20.00,0.00,0.00,0.00,NULL,'A',1),(811,'2024-12-03 00:00:00','7711','8000005607','CONORQUE CIALTDA','50640325','EGU075','814190650','5730',10.00,0.00,0.00,0.00,NULL,'A',1),(812,'2024-12-03 00:00:00','7711','8000005607','CONORQUE CIALTDA','50640325','EGU075','814190650','5731',20.00,0.00,0.00,0.00,NULL,'A',1),(813,'2024-12-03 00:00:00','7711','8000005607','CONORQUE CIALTDA','50640325','EGU075','814190650','5732',15.00,0.00,0.00,0.00,NULL,'A',1),(814,'2024-12-03 00:00:00','7711','8000005607','CONORQUE CIALTDA','50640325','EGU075','814190650','5733',6.00,0.00,0.00,0.00,NULL,'A',1),(815,'2024-12-03 00:00:00','7711','8000005607','CONORQUE CIALTDA','50640325','EGU075','814190650','5735',15.00,0.00,0.00,0.00,NULL,'A',1),(816,'2024-12-03 00:00:00','7711','8000005607','CONORQUE CIALTDA','50640325','EGU075','814190650','5736',15.00,0.00,0.00,0.00,NULL,'A',1),(817,'2024-12-03 00:00:00','7711','8000005607','CONORQUE CIALTDA','50640325','EGU075','814190650','5737',10.00,0.00,0.00,0.00,NULL,'A',1),(818,'2024-12-03 00:00:00','7711','8000005607','CONORQUE CIALTDA','50640325','EGU075','814190650','5818',3.00,0.00,0.00,0.00,NULL,'A',1),(819,'2024-12-03 00:00:00','7711','8000005607','CONORQUE CIALTDA','50640325','EGU075','814190650','10127',25.00,0.00,0.00,0.00,NULL,'A',1),(820,'2024-12-03 00:00:00','7711','8000005607','CONORQUE CIALTDA','50640325','EGU075','814190650','12416',3.00,0.00,0.00,0.00,NULL,'A',1),(821,'2024-12-03 00:00:00','7711','8000005607','CONORQUE CIALTDA','50640325','EGU075','814190650','4133',5.00,0.00,0.00,0.00,NULL,'A',1),(822,'2024-12-03 00:00:00','7711','8000005607','CONORQUE CIALTDA','50640325','EGU075','814190650','4134',5.00,0.00,0.00,0.00,NULL,'A',1),(823,'2024-12-03 00:00:00','7711','8000005607','CONORQUE CIALTDA','50640325','EGU075','814190650','8656',10.00,0.00,0.00,0.00,NULL,'A',1),(824,'2024-12-03 00:00:00','7711','8000005607','CONORQUE CIALTDA','50640325','EGU075','814190650','10663',10.00,0.00,0.00,0.00,NULL,'A',1),(825,'2024-12-03 00:00:00','7711','8000005607','CONORQUE CIALTDA','50640325','EGU075','814190650','5523',30.00,0.00,0.00,0.00,NULL,'A',1),(826,'2024-12-03 00:00:00','7711','8000005607','CONORQUE CIALTDA','50640325','EGU075','814190650','11796',10.00,0.00,0.00,0.00,NULL,'A',1),(827,'2024-12-03 00:00:00','7711','8000005607','CONORQUE CIALTDA','50640325','EGU075','814190650','5510',12.00,0.00,0.00,0.00,NULL,'A',1),(828,'2024-12-03 00:00:00','7711','8000005607','CONORQUE CIALTDA','50640325','EGU075','814190650','5512',6.00,0.00,0.00,0.00,NULL,'A',1),(829,'2024-12-03 00:00:00','7711','8000005607','CONORQUE CIALTDA','50640325','EGU075','814190650','5513',6.00,0.00,0.00,0.00,NULL,'A',1),(830,'2024-12-03 00:00:00','7711','8000005607','CONORQUE CIALTDA','50640325','EGU075','814190650','4921',6.00,0.00,0.00,0.00,NULL,'A',1),(831,'2024-12-03 00:00:00','7711','8000005607','CONORQUE CIALTDA','50640325','EGU075','814190650','6219239',10.00,0.00,0.00,0.00,NULL,'A',1),(832,'2024-12-03 00:00:00','7711','8000005607','CONORQUE CIALTDA','50640325','EGU075','814190650','6221239',10.00,0.00,0.00,0.00,NULL,'A',1),(833,'2024-12-03 00:00:00','7711','8000005607','CONORQUE CIALTDA','50640325','EGU075','814190650','6226239',15.00,0.00,0.00,0.00,NULL,'A',1),(834,'2024-12-03 00:00:00','7711','8000005607','CONORQUE CIALTDA','50640325','EGU075','814190650','10653',20.00,0.00,0.00,0.00,NULL,'A',1),(835,'2024-12-03 00:00:00','7711','8000005607','CONORQUE CIALTDA','50640325','EGU075','814190650','10654',20.00,0.00,0.00,0.00,NULL,'A',1),(836,'2024-12-03 00:00:00','7711','8000005607','CONORQUE CIALTDA','50640325','EGU075','814190650','10990',20.00,0.00,0.00,0.00,NULL,'A',1),(837,'2024-12-03 00:00:00','7711','8000005607','CONORQUE CIALTDA','50640325','EGU075','814190650','12299',20.00,0.00,0.00,0.00,NULL,'A',1),(838,'2024-12-03 00:00:00','7711','8000005607','CONORQUE CIALTDA','50640325','EGU075','814190650','4889',3.00,0.00,0.00,0.00,NULL,'A',1),(839,'2024-12-03 00:00:00','7711','8000005607','CONORQUE CIALTDA','50640325','EGU075','814190650','4894',2.00,0.00,0.00,0.00,NULL,'A',1),(840,'2024-12-03 00:00:00','7711','8000005607','CONORQUE CIALTDA','50640325','EGU075','814190650','4895',3.00,0.00,0.00,0.00,NULL,'A',1),(841,'2024-12-03 00:00:00','7711','8000005607','CONORQUE CIALTDA','50640325','EGU075','814190650','4247',4.00,0.00,0.00,0.00,NULL,'A',1),(842,'2024-12-03 00:00:00','7711','8000005607','CONORQUE CIALTDA','50640325','EGU075','814190650','4248',4.00,0.00,0.00,0.00,NULL,'A',1),(843,'2024-12-03 00:00:00','7711','8000005607','CONORQUE CIALTDA','50640325','EGU075','814190650','2122',3.00,0.00,0.00,0.00,NULL,'A',1),(844,'2024-12-03 00:00:00','7711','8000005607','CONORQUE CIALTDA','50640325','EGU075','814190650','2123',3.00,0.00,0.00,0.00,NULL,'A',1),(845,'2024-12-03 00:00:00','7711','8000005607','CONORQUE CIALTDA','50640325','EGU075','814190650','1224',5.00,0.00,0.00,0.00,NULL,'A',1),(846,'2024-12-03 00:00:00','7711','8000005607','CONORQUE CIALTDA','50640325','EGU075','814190650','9088',4.00,0.00,0.00,0.00,NULL,'A',1),(847,'2024-12-03 00:00:00','7711','8000005607','CONORQUE CIALTDA','50640325','EGU075','814190650','4161',3.00,0.00,0.00,0.00,NULL,'A',1),(848,'2024-12-03 00:00:00','7711','8000005607','CONORQUE CIALTDA','50640325','EGU075','814190650','4011',1.00,0.00,0.00,0.00,NULL,'A',1),(849,'2024-12-03 00:00:00','7711','8000005607','CONORQUE CIALTDA','50640325','EGU075','814190650','4012',1.00,0.00,0.00,0.00,NULL,'A',1),(850,'2024-12-03 00:00:00','7711','8000005607','CONORQUE CIALTDA','50640325','EGU075','814190650','4013',4.00,0.00,0.00,0.00,NULL,'A',1),(851,'2024-12-03 00:00:00','7711','8000005607','CONORQUE CIALTDA','50640325','EGU075','814190650','11955',1.00,0.00,0.00,0.00,NULL,'A',1),(852,'2024-12-03 00:00:00','7711','8000005607','CONORQUE CIALTDA','50640325','EGU075','814190650','12548',3.00,0.00,0.00,0.00,NULL,'A',1),(853,'2024-12-03 00:00:00','7711','8000005607','CONORQUE CIALTDA','50640325','EGU075','814190650','11175',10.00,0.00,0.00,0.00,NULL,'A',1),(854,'2024-12-03 00:00:00','7711','8000005607','CONORQUE CIALTDA','50640325','EGU075','814190650','11177',10.00,0.00,0.00,0.00,NULL,'A',1),(855,'2024-12-03 00:00:00','7711','8000005607','CONORQUE CIALTDA','50640325','EGU075','814190650','10984',12.00,0.00,0.00,0.00,NULL,'A',1),(856,'2024-12-03 00:00:00','7711','8000005607','CONORQUE CIALTDA','50640325','EGU075','814190650','10986',6.00,0.00,0.00,0.00,NULL,'A',1),(857,'2024-12-03 00:00:00','7711','8000005607','CONORQUE CIALTDA','50640325','EGU075','814190650','5275',3.00,0.00,0.00,0.00,NULL,'A',1),(858,'2024-12-03 00:00:00','7711','1000016218','CONORQUE CIALTDA','50640325','EGU074','814190614','5717',8.00,0.00,0.00,0.00,NULL,'A',1),(859,'2024-12-03 00:00:00','7711','1000016218','CONORQUE CIALTDA','50640325','EGU074','814190614','8414',24.00,0.00,0.00,0.00,NULL,'A',1),(860,'2024-12-03 00:00:00','7711','1000016218','CONORQUE CIALTDA','50640325','EGU074','814190614','11037',4.00,0.00,0.00,0.00,NULL,'A',1),(861,'2024-12-03 00:00:00','7711','1000016218','CONORQUE CIALTDA','50640325','EGU074','814190614','13828',5.00,0.00,0.00,0.00,NULL,'A',1),(862,'2024-12-03 00:00:00','7711','1000016218','CONORQUE CIALTDA','50640325','EGU074','814190614','14606',8.00,0.00,0.00,0.00,NULL,'A',1),(863,'2024-12-03 00:00:00','7711','1000016218','CONORQUE CIALTDA','50640325','EGU074','814190614','14607',8.00,0.00,0.00,0.00,NULL,'A',1),(864,'2024-12-03 00:00:00','7711','1000016218','CONORQUE CIALTDA','50640325','EGU074','814190614','14719',6.00,0.00,0.00,0.00,NULL,'A',1),(865,'2024-12-03 00:00:00','7711','1000016218','CONORQUE CIALTDA','50640325','EGU074','814190614','15592',30.00,0.00,0.00,0.00,NULL,'A',1),(866,'2024-12-03 00:00:00','7711','1000016218','CONORQUE CIALTDA','50640325','EGU074','814190614','15997',8.00,0.00,0.00,0.00,NULL,'A',1),(867,'2024-12-03 00:00:00','7711','1000016218','CONORQUE CIALTDA','50640325','EGU074','814190614','16078',12.00,0.00,0.00,0.00,NULL,'A',1),(868,'2024-12-03 00:00:00','7711','1000016218','CONORQUE CIALTDA','50640325','EGU074','814190614','16157',10.00,0.00,0.00,0.00,NULL,'A',1),(869,'2024-12-03 00:00:00','7711','1000016218','CONORQUE CIALTDA','50640325','EGU074','814190614','16510',8.00,0.00,0.00,0.00,NULL,'A',1),(870,'2024-12-03 00:00:00','7711','1000016218','CONORQUE CIALTDA','50640325','EGU074','814190614','16511',3.00,0.00,0.00,0.00,NULL,'A',1),(871,'2024-12-03 00:00:00','7711','1000016218','CONORQUE CIALTDA','50640325','EGU074','814190614','16512',3.00,0.00,0.00,0.00,NULL,'A',1),(872,'2024-12-03 00:00:00','7711','1000016218','CONORQUE CIALTDA','50640325','EGU074','814190614','16513',8.00,0.00,0.00,0.00,NULL,'A',1),(873,'2024-12-03 00:00:00','7711','1000016218','CONORQUE CIALTDA','50640325','EGU074','814190614','16514',4.00,0.00,0.00,0.00,NULL,'A',1),(874,'2024-12-03 00:00:00','7711','1000016218','CONORQUE CIALTDA','50640325','EGU074','814190614','16515',8.00,0.00,0.00,0.00,NULL,'A',1),(875,'2024-12-03 00:00:00','7711','1000016218','CONORQUE CIALTDA','50640325','EGU074','814190614','16530',15.00,0.00,0.00,0.00,NULL,'A',1),(876,'2024-12-03 00:00:00','7711','1000016218','CONORQUE CIALTDA','50640325','EGU074','814190614','16678',30.00,0.00,0.00,0.00,NULL,'A',1),(877,'2024-12-03 00:00:00','7711','1000016218','CONORQUE CIALTDA','50640325','EGU074','814190614','16681',6.00,0.00,0.00,0.00,NULL,'A',1),(878,'2024-12-03 00:00:00','7711','1000016218','CONORQUE CIALTDA','50640325','EGU074','814190614','16743',24.00,0.00,0.00,0.00,NULL,'A',1),(879,'2024-12-03 00:00:00','7711','1000016218','CONORQUE CIALTDA','50640325','EGU074','814190614','17113',12.00,0.00,0.00,0.00,NULL,'A',1),(880,'2024-12-03 00:00:00','7711','1000016218','CONORQUE CIALTDA','50640325','EGU074','814190614','17350',8.00,0.00,0.00,0.00,NULL,'A',1),(881,'2024-12-03 00:00:00','7711','1000016218','CONORQUE CIALTDA','50640325','EGU074','814190614','11109',3.00,0.00,0.00,0.00,NULL,'A',1),(882,'2024-12-03 00:00:00','7711','1000016218','CONORQUE CIALTDA','50640325','EGU074','814190614','10829',10.00,0.00,0.00,0.00,NULL,'A',1),(883,'2024-12-03 00:00:00','7711','1000016218','CONORQUE CIALTDA','50640325','EGU074','814190614','10830',10.00,0.00,0.00,0.00,NULL,'A',1),(884,'2024-12-03 00:00:00','7711','1000016218','CONORQUE CIALTDA','50640325','EGU074','814190614','8260',24.00,0.00,0.00,0.00,NULL,'A',1),(885,'2024-12-03 00:00:00','7711','1000016218','CONORQUE CIALTDA','50640325','EGU074','814190614','8261',12.00,0.00,0.00,0.00,NULL,'A',1),(886,'2024-12-03 00:00:00','7711','1000016218','CONORQUE CIALTDA','50640325','EGU074','814190614','8208',1.00,0.00,0.00,0.00,NULL,'A',1),(887,'2024-12-03 00:00:00','7711','1000016218','CONORQUE CIALTDA','50640325','EGU074','814190614','5706',24.00,0.00,0.00,0.00,NULL,'A',1),(888,'2024-12-03 00:00:00','7711','1000016218','CONORQUE CIALTDA','50640325','EGU074','814190614','12035',12.00,0.00,0.00,0.00,NULL,'A',1),(889,'2024-12-03 00:00:00','7711','1000016218','CONORQUE CIALTDA','50640325','EGU074','814190614','12036',6.00,0.00,0.00,0.00,NULL,'A',1),(890,'2024-12-03 00:00:00','7711','1000016218','CONORQUE CIALTDA','50640325','EGU074','814190614','5777',6.00,0.00,0.00,0.00,NULL,'A',1),(891,'2024-12-03 00:00:00','7711','1000016218','CONORQUE CIALTDA','50640325','EGU074','814190614','5729',15.00,0.00,0.00,0.00,NULL,'A',1),(892,'2024-12-03 00:00:00','7711','1000016218','CONORQUE CIALTDA','50640325','EGU074','814190614','5730',8.00,0.00,0.00,0.00,NULL,'A',1),(893,'2024-12-03 00:00:00','7711','1000016218','CONORQUE CIALTDA','50640325','EGU074','814190614','5731',5.00,0.00,0.00,0.00,NULL,'A',1),(894,'2024-12-03 00:00:00','7711','1000016218','CONORQUE CIALTDA','50640325','EGU074','814190614','5732',5.00,0.00,0.00,0.00,NULL,'A',1),(895,'2024-12-03 00:00:00','7711','1000016218','CONORQUE CIALTDA','50640325','EGU074','814190614','5733',3.00,0.00,0.00,0.00,NULL,'A',1),(896,'2024-12-03 00:00:00','7711','1000016218','CONORQUE CIALTDA','50640325','EGU074','814190614','5735',15.00,0.00,0.00,0.00,NULL,'A',1),(897,'2024-12-03 00:00:00','7711','1000016218','CONORQUE CIALTDA','50640325','EGU074','814190614','5736',5.00,0.00,0.00,0.00,NULL,'A',1),(898,'2024-12-03 00:00:00','7711','1000016218','CONORQUE CIALTDA','50640325','EGU074','814190614','5737',3.00,0.00,0.00,0.00,NULL,'A',1),(899,'2024-12-03 00:00:00','7711','1000016218','CONORQUE CIALTDA','50640325','EGU074','814190614','10127',15.00,0.00,0.00,0.00,NULL,'A',1),(900,'2024-12-03 00:00:00','7711','1000016218','CONORQUE CIALTDA','50640325','EGU074','814190614','8656',15.00,0.00,0.00,0.00,NULL,'A',1),(901,'2024-12-03 00:00:00','7711','1000016218','CONORQUE CIALTDA','50640325','EGU074','814190614','10663',12.00,0.00,0.00,0.00,NULL,'A',1),(902,'2024-12-03 00:00:00','7711','1000016218','CONORQUE CIALTDA','50640325','EGU074','814190614','5523',40.00,0.00,0.00,0.00,NULL,'A',1),(903,'2024-12-03 00:00:00','7711','1000016218','CONORQUE CIALTDA','50640325','EGU074','814190614','11796',12.00,0.00,0.00,0.00,NULL,'A',1),(904,'2024-12-03 00:00:00','7711','1000016218','CONORQUE CIALTDA','50640325','EGU074','814190614','5510',12.00,0.00,0.00,0.00,NULL,'A',1),(905,'2024-12-03 00:00:00','7711','1000016218','CONORQUE CIALTDA','50640325','EGU074','814190614','4454239',12.00,0.00,0.00,0.00,NULL,'A',1),(906,'2024-12-03 00:00:00','7711','1000016218','CONORQUE CIALTDA','50640325','EGU074','814190614','4450239',24.00,0.00,0.00,0.00,NULL,'A',1),(907,'2024-12-03 00:00:00','7711','1000016218','CONORQUE CIALTDA','50640325','EGU074','814190614','4920',6.00,0.00,0.00,0.00,NULL,'A',1),(908,'2024-12-03 00:00:00','7711','1000016218','CONORQUE CIALTDA','50640325','EGU074','814190614','4921',6.00,0.00,0.00,0.00,NULL,'A',1),(909,'2024-12-03 00:00:00','7711','1000016218','CONORQUE CIALTDA','50640325','EGU074','814190614','4923',6.00,0.00,0.00,0.00,NULL,'A',1),(910,'2024-12-03 00:00:00','7711','1000016218','CONORQUE CIALTDA','50640325','EGU074','814190614','6219239',15.00,0.00,0.00,0.00,NULL,'A',1),(911,'2024-12-03 00:00:00','7711','1000016218','CONORQUE CIALTDA','50640325','EGU074','814190614','6221239',15.00,0.00,0.00,0.00,NULL,'A',1),(912,'2024-12-03 00:00:00','7711','1000016218','CONORQUE CIALTDA','50640325','EGU074','814190614','6222239',15.00,0.00,0.00,0.00,NULL,'A',1),(913,'2024-12-03 00:00:00','7711','1000016218','CONORQUE CIALTDA','50640325','EGU074','814190614','6226239',15.00,0.00,0.00,0.00,NULL,'A',1),(914,'2024-12-03 00:00:00','7711','1000016218','CONORQUE CIALTDA','50640325','EGU074','814190614','10653',50.00,0.00,0.00,0.00,NULL,'A',1),(915,'2024-12-03 00:00:00','7711','1000016218','CONORQUE CIALTDA','50640325','EGU074','814190614','10654',50.00,0.00,0.00,0.00,NULL,'A',1),(916,'2024-12-03 00:00:00','7711','1000016218','CONORQUE CIALTDA','50640325','EGU074','814190614','10990',50.00,0.00,0.00,0.00,NULL,'A',1),(917,'2024-12-03 00:00:00','7711','1000016218','CONORQUE CIALTDA','50640325','EGU074','814190614','12299',50.00,0.00,0.00,0.00,NULL,'A',1),(918,'2024-12-03 00:00:00','7711','1000016218','CONORQUE CIALTDA','50640325','EGU074','814190614','1224',6.00,0.00,0.00,0.00,NULL,'A',1),(919,'2024-12-03 00:00:00','7711','1000016218','CONORQUE CIALTDA','50640325','EGU074','814190614','9088',3.00,0.00,0.00,0.00,NULL,'A',1),(920,'2024-12-03 00:00:00','7711','1000016218','CONORQUE CIALTDA','50640325','EGU074','814190614','12548',3.00,0.00,0.00,0.00,NULL,'A',1),(921,'2024-12-03 00:00:00','7711','1000016218','CONORQUE CIALTDA','50640325','EGU074','814190614','10984',8.00,0.00,0.00,0.00,NULL,'A',1),(922,'2024-12-03 00:00:00','7711','1000016218','CONORQUE CIALTDA','50640325','EGU074','814190614','10986',8.00,0.00,0.00,0.00,NULL,'A',1),(924,'2024-12-03 00:00:00','7711','1000036800','SALDANA GALINDO JUAN MANUEL','50640324','EGU074','814190430','5736',0.00,5.00,0.00,5.00,'01','P',2),(925,'2024-12-03 00:00:00','7711','1000036800','SALDANA GALINDO JUAN MANUEL','50640324','EGU074','814190430','5510',0.00,10.00,0.00,10.00,'01','P',2),(926,'2024-12-03 00:00:00','7711','1000036800','SALDANA GALINDO JUAN MANUEL','50640324','EGU074','814190430','5703',0.00,6.00,0.00,6.00,'01','P',2),(929,'2024-12-03 00:00:00','7711','1000036893','CUENCAORO HOTELERA CUENCA SA','50640324','EGU074','814190616','5767',0.00,0.00,0.00,0.00,NULL,'A',1),(930,'2024-12-04 00:00:00','7711','1000037116','MAITA SUSANA ESTER','50640324','EGU086','814190515','8208',4.00,0.00,0.00,0.00,NULL,'A',1),(931,'2024-12-04 00:00:00','7711','1000039032','RIVERA ROMERO GLADYS IMELDA','50640324','EGU084','814190513','17155',10.00,0.00,0.00,0.00,NULL,'A',1),(932,'2024-12-04 00:00:00','7711','1000041663','COMERCIALECOSUIZA CIA LTDA','50640324','EGU084','814190505','15592',3.00,0.00,0.00,0.00,NULL,'A',1),(933,'2024-12-04 00:00:00','7711','1000041663','COMERCIALECOSUIZA CIA LTDA','50640324','EGU084','814190505','15997',3.00,0.00,0.00,0.00,NULL,'A',1),(934,'2024-12-04 00:00:00','7711','1000041663','COMERCIALECOSUIZA CIA LTDA','50640324','EGU084','814190505','16156',6.00,0.00,0.00,0.00,NULL,'A',1),(935,'2024-12-04 00:00:00','7711','1000041663','COMERCIALECOSUIZA CIA LTDA','50640324','EGU084','814190505','16158',3.00,0.00,0.00,0.00,NULL,'A',1),(936,'2024-12-04 00:00:00','7711','1000041663','COMERCIALECOSUIZA CIA LTDA','50640324','EGU084','814190505','16511',2.00,0.00,0.00,0.00,NULL,'A',1),(937,'2024-12-04 00:00:00','7711','1000041663','COMERCIALECOSUIZA CIA LTDA','50640324','EGU084','814190505','16513',4.00,0.00,0.00,0.00,NULL,'A',1),(938,'2024-12-04 00:00:00','7711','1000041663','COMERCIALECOSUIZA CIA LTDA','50640324','EGU084','814190505','16514',2.00,0.00,0.00,0.00,NULL,'A',1),(939,'2024-12-04 00:00:00','7711','1000041663','COMERCIALECOSUIZA CIA LTDA','50640324','EGU084','814190505','5746',4.00,0.00,0.00,0.00,NULL,'A',1),(940,'2024-12-04 00:00:00','7711','1000041663','COMERCIALECOSUIZA CIA LTDA','50640324','EGU084','814190505','12036',3.00,0.00,0.00,0.00,NULL,'A',1),(941,'2024-12-04 00:00:00','7711','1000041663','COMERCIALECOSUIZA CIA LTDA','50640324','EGU084','814190505','5729',12.00,0.00,0.00,0.00,NULL,'A',1),(942,'2024-12-04 00:00:00','7711','1000041663','COMERCIALECOSUIZA CIA LTDA','50640324','EGU084','814190505','5730',4.00,0.00,0.00,0.00,NULL,'A',1),(943,'2024-12-04 00:00:00','7711','1000041663','COMERCIALECOSUIZA CIA LTDA','50640324','EGU084','814190505','5731',6.00,0.00,0.00,0.00,NULL,'A',1),(944,'2024-12-04 00:00:00','7711','1000041663','COMERCIALECOSUIZA CIA LTDA','50640324','EGU084','814190505','5732',2.00,0.00,0.00,0.00,NULL,'A',1),(945,'2024-12-04 00:00:00','7711','1000041663','COMERCIALECOSUIZA CIA LTDA','50640324','EGU084','814190505','5735',7.00,0.00,0.00,0.00,NULL,'A',1),(946,'2024-12-04 00:00:00','7711','1000041663','COMERCIALECOSUIZA CIA LTDA','50640324','EGU084','814190505','5736',2.00,0.00,0.00,0.00,NULL,'A',1),(947,'2024-12-04 00:00:00','7711','1000041663','COMERCIALECOSUIZA CIA LTDA','50640324','EGU084','814190505','5523',6.00,0.00,0.00,0.00,NULL,'A',1),(948,'2024-12-04 00:00:00','7711','1000041663','COMERCIALECOSUIZA CIA LTDA','50640324','EGU084','814190505','5512',3.00,0.00,0.00,0.00,NULL,'A',1),(949,'2024-12-04 00:00:00','7711','1000041663','COMERCIALECOSUIZA CIA LTDA','50640324','EGU084','814190505','4450239',3.00,0.00,0.00,0.00,NULL,'A',1),(950,'2024-12-04 00:00:00','7711','1000041663','COMERCIALECOSUIZA CIA LTDA','50640324','EGU084','814190505','4921',3.00,0.00,0.00,0.00,NULL,'A',1),(951,'2024-12-04 00:00:00','7711','1000041663','COMERCIALECOSUIZA CIA LTDA','50640324','EGU084','814190505','6222239',3.00,0.00,0.00,0.00,NULL,'A',1),(952,'2024-12-04 00:00:00','7711','1000041663','COMERCIALECOSUIZA CIA LTDA','50640324','EGU084','814190505','10653',10.00,0.00,0.00,0.00,NULL,'A',1),(953,'2024-12-04 00:00:00','7711','1000041663','COMERCIALECOSUIZA CIA LTDA','50640324','EGU084','814190505','10654',10.00,0.00,0.00,0.00,NULL,'A',1),(954,'2024-12-04 00:00:00','7711','1000041663','COMERCIALECOSUIZA CIA LTDA','50640324','EGU084','814190505','10990',12.00,0.00,0.00,0.00,NULL,'A',1),(955,'2024-12-04 00:00:00','7711','1000041663','COMERCIALECOSUIZA CIA LTDA','50640324','EGU084','814190505','12299',6.00,0.00,0.00,0.00,NULL,'A',1),(956,'2024-12-04 00:00:00','7711','1000041663','COMERCIALECOSUIZA CIA LTDA','50640324','EGU084','814190505','4162',6.00,0.00,0.00,0.00,NULL,'A',1),(957,'2024-12-04 00:00:00','7711','1000041663','COMERCIALECOSUIZA CIA LTDA','50640324','EGU084','814190499','16156',3.00,0.00,0.00,0.00,NULL,'A',1),(958,'2024-12-04 00:00:00','7711','1000041663','COMERCIALECOSUIZA CIA LTDA','50640324','EGU084','814190499','16157',3.00,0.00,0.00,0.00,NULL,'A',1),(959,'2024-12-04 00:00:00','7711','1000041663','COMERCIALECOSUIZA CIA LTDA','50640324','EGU084','814190499','16510',6.00,0.00,0.00,0.00,NULL,'A',1),(960,'2024-12-04 00:00:00','7711','1000041663','COMERCIALECOSUIZA CIA LTDA','50640324','EGU084','814190499','16511',2.00,0.00,0.00,0.00,NULL,'A',1),(961,'2024-12-04 00:00:00','7711','1000041663','COMERCIALECOSUIZA CIA LTDA','50640324','EGU084','814190499','16512',2.00,0.00,0.00,0.00,NULL,'A',1),(962,'2024-12-04 00:00:00','7711','1000041663','COMERCIALECOSUIZA CIA LTDA','50640324','EGU084','814190499','16513',4.00,0.00,0.00,0.00,NULL,'A',1),(963,'2024-12-04 00:00:00','7711','1000041663','COMERCIALECOSUIZA CIA LTDA','50640324','EGU084','814190499','16514',4.00,0.00,0.00,0.00,NULL,'A',1),(964,'2024-12-04 00:00:00','7711','1000041663','COMERCIALECOSUIZA CIA LTDA','50640324','EGU084','814190499','16515',6.00,0.00,0.00,0.00,NULL,'A',1),(965,'2024-12-04 00:00:00','7711','1000041663','COMERCIALECOSUIZA CIA LTDA','50640324','EGU084','814190499','5706',3.00,0.00,0.00,0.00,NULL,'A',1),(966,'2024-12-04 00:00:00','7711','1000041663','COMERCIALECOSUIZA CIA LTDA','50640324','EGU084','814190499','12035',6.00,0.00,0.00,0.00,NULL,'A',1),(967,'2024-12-04 00:00:00','7711','1000041663','COMERCIALECOSUIZA CIA LTDA','50640324','EGU084','814190499','12036',3.00,0.00,0.00,0.00,NULL,'A',1),(968,'2024-12-04 00:00:00','7711','1000041663','COMERCIALECOSUIZA CIA LTDA','50640324','EGU084','814190499','5729',6.00,0.00,0.00,0.00,NULL,'A',1),(969,'2024-12-04 00:00:00','7711','1000041663','COMERCIALECOSUIZA CIA LTDA','50640324','EGU084','814190499','5731',6.00,0.00,0.00,0.00,NULL,'A',1),(970,'2024-12-04 00:00:00','7711','1000041663','COMERCIALECOSUIZA CIA LTDA','50640324','EGU084','814190499','5735',6.00,0.00,0.00,0.00,NULL,'A',1),(971,'2024-12-04 00:00:00','7711','1000041663','COMERCIALECOSUIZA CIA LTDA','50640324','EGU084','814190499','4920',3.00,0.00,0.00,0.00,NULL,'A',1),(972,'2024-12-04 00:00:00','7711','1000041663','COMERCIALECOSUIZA CIA LTDA','50640324','EGU084','814190499','4921',3.00,0.00,0.00,0.00,NULL,'A',1),(973,'2024-12-04 00:00:00','7711','1000041663','COMERCIALECOSUIZA CIA LTDA','50640324','EGU084','814190499','4923',3.00,0.00,0.00,0.00,NULL,'A',1),(974,'2024-12-04 00:00:00','7711','1000041663','COMERCIALECOSUIZA CIA LTDA','50640324','EGU084','814190499','10990',6.00,0.00,0.00,0.00,NULL,'A',1),(975,'2024-12-04 00:00:00','7711','1000041663','COMERCIALECOSUIZA CIA LTDA','50640324','EGU084','814190499','12299',9.00,0.00,0.00,0.00,NULL,'A',1),(976,'2024-12-04 00:00:00','7711','1000036737','CARRASCO VINTIMILLA FABIAN VLADIM','50640324','EGU086','814190345','17155',3.00,0.00,0.00,0.00,NULL,'A',1),(977,'2024-12-04 00:00:00','7711','1000023680','GIL JARA JAVIER OSWALDO','50640324','EGU074','814190320','5717',2.00,0.00,0.00,0.00,NULL,'A',1),(978,'2024-12-04 00:00:00','7711','1000023680','GIL JARA JAVIER OSWALDO','50640324','EGU074','814190320','15593',3.00,0.00,0.00,0.00,NULL,'A',1),(979,'2024-12-04 00:00:00','7711','1000023680','GIL JARA JAVIER OSWALDO','50640324','EGU074','814190320','16078',6.00,0.00,0.00,0.00,NULL,'A',1),(980,'2024-12-04 00:00:00','7711','1000023680','GIL JARA JAVIER OSWALDO','50640324','EGU074','814190320','16156',5.00,0.00,0.00,0.00,NULL,'A',1),(981,'2024-12-04 00:00:00','7711','1000023680','GIL JARA JAVIER OSWALDO','50640324','EGU074','814190320','16157',3.00,0.00,0.00,0.00,NULL,'A',1),(982,'2024-12-04 00:00:00','7711','1000023680','GIL JARA JAVIER OSWALDO','50640324','EGU074','814190320','16231',2.00,0.00,0.00,0.00,NULL,'A',1),(983,'2024-12-04 00:00:00','7711','1000023680','GIL JARA JAVIER OSWALDO','50640324','EGU074','814190320','16232',4.00,0.00,0.00,0.00,NULL,'A',1),(984,'2024-12-04 00:00:00','7711','1000023680','GIL JARA JAVIER OSWALDO','50640324','EGU074','814190320','16272',1.00,0.00,0.00,0.00,NULL,'A',1),(985,'2024-12-04 00:00:00','7711','1000023680','GIL JARA JAVIER OSWALDO','50640324','EGU074','814190320','16372',2.00,0.00,0.00,0.00,NULL,'A',1),(986,'2024-12-04 00:00:00','7711','1000023680','GIL JARA JAVIER OSWALDO','50640324','EGU074','814190320','16515',6.00,0.00,0.00,0.00,NULL,'A',1),(987,'2024-12-04 00:00:00','7711','1000023680','GIL JARA JAVIER OSWALDO','50640324','EGU074','814190320','16744',6.00,0.00,0.00,0.00,NULL,'A',1),(988,'2024-12-04 00:00:00','7711','1000023680','GIL JARA JAVIER OSWALDO','50640324','EGU074','814190320','16745',2.00,0.00,0.00,0.00,NULL,'A',1),(989,'2024-12-04 00:00:00','7711','1000023680','GIL JARA JAVIER OSWALDO','50640324','EGU074','814190320','17113',3.00,0.00,0.00,0.00,NULL,'A',1),(990,'2024-12-04 00:00:00','7711','1000023680','GIL JARA JAVIER OSWALDO','50640324','EGU074','814190320','17116',4.00,0.00,0.00,0.00,NULL,'A',1),(991,'2024-12-04 00:00:00','7711','1000023680','GIL JARA JAVIER OSWALDO','50640324','EGU074','814190320','17262',2.00,0.00,0.00,0.00,NULL,'A',1),(992,'2024-12-04 00:00:00','7711','1000023680','GIL JARA JAVIER OSWALDO','50640324','EGU074','814190320','17350',3.00,0.00,0.00,0.00,NULL,'A',1),(993,'2024-12-04 00:00:00','7711','1000023680','GIL JARA JAVIER OSWALDO','50640324','EGU074','814190320','17370',3.00,0.00,0.00,0.00,NULL,'A',1),(994,'2024-12-04 00:00:00','7711','1000023680','GIL JARA JAVIER OSWALDO','50640324','EGU074','814190320','8260',2.00,0.00,0.00,0.00,NULL,'A',1),(995,'2024-12-04 00:00:00','7711','1000023680','GIL JARA JAVIER OSWALDO','50640324','EGU074','814190320','5709',1.00,0.00,0.00,0.00,NULL,'A',1),(996,'2024-12-04 00:00:00','7711','1000023680','GIL JARA JAVIER OSWALDO','50640324','EGU074','814190320','12035',4.00,0.00,0.00,0.00,NULL,'A',1),(997,'2024-12-04 00:00:00','7711','1000023680','GIL JARA JAVIER OSWALDO','50640324','EGU074','814190320','5746',1.00,0.00,0.00,0.00,NULL,'A',1),(998,'2024-12-04 00:00:00','7711','1000023680','GIL JARA JAVIER OSWALDO','50640324','EGU074','814190320','12036',4.00,0.00,0.00,0.00,NULL,'A',1),(999,'2024-12-04 00:00:00','7711','1000023680','GIL JARA JAVIER OSWALDO','50640324','EGU074','814190320','5780',2.00,0.00,0.00,0.00,NULL,'A',1),(1000,'2024-12-04 00:00:00','7711','1000023680','GIL JARA JAVIER OSWALDO','50640324','EGU074','814190320','5769',1.00,0.00,0.00,0.00,NULL,'A',1),(1001,'2024-12-04 00:00:00','7711','1000023680','GIL JARA JAVIER OSWALDO','50640324','EGU074','814190320','12037',1.00,0.00,0.00,0.00,NULL,'A',1),(1002,'2024-12-04 00:00:00','7711','1000023680','GIL JARA JAVIER OSWALDO','50640324','EGU074','814190320','5778',2.00,0.00,0.00,0.00,NULL,'A',1),(1003,'2024-12-04 00:00:00','7711','1000023680','GIL JARA JAVIER OSWALDO','50640324','EGU074','814190320','5729',8.00,0.00,0.00,0.00,NULL,'A',1),(1004,'2024-12-04 00:00:00','7711','1000023680','GIL JARA JAVIER OSWALDO','50640324','EGU074','814190320','5730',7.00,0.00,0.00,0.00,NULL,'A',1),(1005,'2024-12-04 00:00:00','7711','1000023680','GIL JARA JAVIER OSWALDO','50640324','EGU074','814190320','5731',7.00,0.00,0.00,0.00,NULL,'A',1),(1006,'2024-12-04 00:00:00','7711','1000023680','GIL JARA JAVIER OSWALDO','50640324','EGU074','814190320','5732',1.00,0.00,0.00,0.00,NULL,'A',1),(1007,'2024-12-04 00:00:00','7711','1000023680','GIL JARA JAVIER OSWALDO','50640324','EGU074','814190320','5735',10.00,0.00,0.00,0.00,NULL,'A',1),(1008,'2024-12-04 00:00:00','7711','1000023680','GIL JARA JAVIER OSWALDO','50640324','EGU074','814190320','5736',3.00,0.00,0.00,0.00,NULL,'A',1),(1009,'2024-12-04 00:00:00','7711','1000023680','GIL JARA JAVIER OSWALDO','50640324','EGU074','814190320','10096',2.00,0.00,0.00,0.00,NULL,'A',1),(1010,'2024-12-04 00:00:00','7711','1000023680','GIL JARA JAVIER OSWALDO','50640324','EGU074','814190320','5523',4.00,0.00,0.00,0.00,NULL,'A',1),(1011,'2024-12-04 00:00:00','7711','1000023680','GIL JARA JAVIER OSWALDO','50640324','EGU074','814190320','11796',4.00,0.00,0.00,0.00,NULL,'A',1),(1012,'2024-12-04 00:00:00','7711','1000023680','GIL JARA JAVIER OSWALDO','50640324','EGU074','814190320','5510',10.00,0.00,0.00,0.00,NULL,'A',1),(1013,'2024-12-04 00:00:00','7711','1000023680','GIL JARA JAVIER OSWALDO','50640324','EGU074','814190320','10986',4.00,0.00,0.00,0.00,NULL,'A',1),(1014,'2024-12-04 00:00:00','7711','1000023680','GIL JARA JAVIER OSWALDO','50640324','EGU074','814190320','11954',2.00,0.00,0.00,0.00,NULL,'A',1),(1015,'2024-12-04 00:00:00','7711','1000036994','PACHECO VIDAL CARLOS GILBERTO','50640324','EGU077','814190310','5769',2.00,0.00,0.00,0.00,NULL,'A',1),(1016,'2024-12-04 00:00:00','7711','1000036994','PACHECO VIDAL CARLOS GILBERTO','50640324','EGU077','814190310','5510',3.00,0.00,0.00,0.00,NULL,'A',1),(1017,'2024-12-04 00:00:00','7711','1000037401','COMERCIAL ARANDANOCOM DEL SUR CIA','50640324','EGU074','814190293','5717',4.00,0.00,0.00,0.00,NULL,'A',1),(1018,'2024-12-04 00:00:00','7711','1000037401','COMERCIAL ARANDANOCOM DEL SUR CIA','50640324','EGU074','814190293','14719',3.00,0.00,0.00,0.00,NULL,'A',1),(1019,'2024-12-04 00:00:00','7711','1000037401','COMERCIAL ARANDANOCOM DEL SUR CIA','50640324','EGU074','814190293','15592',3.00,0.00,0.00,0.00,NULL,'A',1),(1020,'2024-12-04 00:00:00','7711','1000037401','COMERCIAL ARANDANOCOM DEL SUR CIA','50640324','EGU074','814190293','15997',3.00,0.00,0.00,0.00,NULL,'A',1),(1021,'2024-12-04 00:00:00','7711','1000037401','COMERCIAL ARANDANOCOM DEL SUR CIA','50640324','EGU074','814190293','16078',6.00,0.00,0.00,0.00,NULL,'A',1),(1022,'2024-12-04 00:00:00','7711','1000037401','COMERCIAL ARANDANOCOM DEL SUR CIA','50640324','EGU074','814190293','16157',4.00,0.00,0.00,0.00,NULL,'A',1),(1023,'2024-12-04 00:00:00','7711','1000037401','COMERCIAL ARANDANOCOM DEL SUR CIA','50640324','EGU074','814190293','16158',2.00,0.00,0.00,0.00,NULL,'A',1),(1024,'2024-12-04 00:00:00','7711','1000037401','COMERCIAL ARANDANOCOM DEL SUR CIA','50640324','EGU074','814190293','16510',3.00,0.00,0.00,0.00,NULL,'A',1),(1025,'2024-12-04 00:00:00','7711','1000037401','COMERCIAL ARANDANOCOM DEL SUR CIA','50640324','EGU074','814190293','16513',3.00,0.00,0.00,0.00,NULL,'A',1),(1026,'2024-12-04 00:00:00','7711','1000037401','COMERCIAL ARANDANOCOM DEL SUR CIA','50640324','EGU074','814190293','16515',6.00,0.00,0.00,0.00,NULL,'A',1),(1027,'2024-12-04 00:00:00','7711','1000037401','COMERCIAL ARANDANOCOM DEL SUR CIA','50640324','EGU074','814190293','16680',2.00,0.00,0.00,0.00,NULL,'A',1),(1028,'2024-12-04 00:00:00','7711','1000037401','COMERCIAL ARANDANOCOM DEL SUR CIA','50640324','EGU074','814190293','16744',12.00,0.00,0.00,0.00,NULL,'A',1),(1029,'2024-12-04 00:00:00','7711','1000037401','COMERCIAL ARANDANOCOM DEL SUR CIA','50640324','EGU074','814190293','17262',3.00,0.00,0.00,0.00,NULL,'A',1),(1030,'2024-12-04 00:00:00','7711','1000037401','COMERCIAL ARANDANOCOM DEL SUR CIA','50640324','EGU074','814190293','17370',3.00,0.00,0.00,0.00,NULL,'A',1),(1031,'2024-12-04 00:00:00','7711','1000037401','COMERCIAL ARANDANOCOM DEL SUR CIA','50640324','EGU074','814190293','10829',1.00,0.00,0.00,0.00,NULL,'A',1),(1032,'2024-12-04 00:00:00','7711','1000037401','COMERCIAL ARANDANOCOM DEL SUR CIA','50640324','EGU074','814190293','12035',4.00,0.00,0.00,0.00,NULL,'A',1),(1033,'2024-12-04 00:00:00','7711','1000037401','COMERCIAL ARANDANOCOM DEL SUR CIA','50640324','EGU074','814190293','5746',2.00,0.00,0.00,0.00,NULL,'A',1),(1034,'2024-12-04 00:00:00','7711','1000037401','COMERCIAL ARANDANOCOM DEL SUR CIA','50640324','EGU074','814190293','5769',1.00,0.00,0.00,0.00,NULL,'A',1),(1035,'2024-12-04 00:00:00','7711','1000037401','COMERCIAL ARANDANOCOM DEL SUR CIA','50640324','EGU074','814190293','12037',2.00,0.00,0.00,0.00,NULL,'A',1),(1036,'2024-12-04 00:00:00','7711','1000037401','COMERCIAL ARANDANOCOM DEL SUR CIA','50640324','EGU074','814190293','5778',4.00,0.00,0.00,0.00,NULL,'A',1),(1037,'2024-12-04 00:00:00','7711','1000037401','COMERCIAL ARANDANOCOM DEL SUR CIA','50640324','EGU074','814190293','10071',2.00,0.00,0.00,0.00,NULL,'A',1),(1038,'2024-12-04 00:00:00','7711','1000037401','COMERCIAL ARANDANOCOM DEL SUR CIA','50640324','EGU074','814190293','5729',3.00,0.00,0.00,0.00,NULL,'A',1),(1039,'2024-12-04 00:00:00','7711','1000037401','COMERCIAL ARANDANOCOM DEL SUR CIA','50640324','EGU074','814190293','5730',3.00,0.00,0.00,0.00,NULL,'A',1),(1040,'2024-12-04 00:00:00','7711','1000037401','COMERCIAL ARANDANOCOM DEL SUR CIA','50640324','EGU074','814190293','5731',2.00,0.00,0.00,0.00,NULL,'A',1),(1041,'2024-12-04 00:00:00','7711','1000037401','COMERCIAL ARANDANOCOM DEL SUR CIA','50640324','EGU074','814190293','5735',6.00,0.00,0.00,0.00,NULL,'A',1),(1042,'2024-12-04 00:00:00','7711','1000037401','COMERCIAL ARANDANOCOM DEL SUR CIA','50640324','EGU074','814190293','5736',2.00,0.00,0.00,0.00,NULL,'A',1),(1043,'2024-12-04 00:00:00','7711','1000037401','COMERCIAL ARANDANOCOM DEL SUR CIA','50640324','EGU074','814190293','5737',2.00,0.00,0.00,0.00,NULL,'A',1),(1044,'2024-12-04 00:00:00','7711','1000037401','COMERCIAL ARANDANOCOM DEL SUR CIA','50640324','EGU074','814190293','5818',3.00,0.00,0.00,0.00,NULL,'A',1),(1045,'2024-12-04 00:00:00','7711','1000037401','COMERCIAL ARANDANOCOM DEL SUR CIA','50640324','EGU074','814190293','10096',3.00,0.00,0.00,0.00,NULL,'A',1),(1046,'2024-12-04 00:00:00','7711','1000037401','COMERCIAL ARANDANOCOM DEL SUR CIA','50640324','EGU074','814190293','12416',3.00,0.00,0.00,0.00,NULL,'A',1),(1047,'2024-12-04 00:00:00','7711','1000037401','COMERCIAL ARANDANOCOM DEL SUR CIA','50640324','EGU074','814190293','5510',6.00,0.00,0.00,0.00,NULL,'A',1),(1048,'2024-12-04 00:00:00','7711','1000037401','COMERCIAL ARANDANOCOM DEL SUR CIA','50640324','EGU074','814190293','5512',3.00,0.00,0.00,0.00,NULL,'A',1),(1049,'2024-12-04 00:00:00','7711','1000037401','COMERCIAL ARANDANOCOM DEL SUR CIA','50640324','EGU074','814190293','10990',3.00,0.00,0.00,0.00,NULL,'A',1),(1050,'2024-12-04 00:00:00','7711','1000037401','COMERCIAL ARANDANOCOM DEL SUR CIA','50640324','EGU074','814190293','4163',2.00,0.00,0.00,0.00,NULL,'A',1),(1051,'2024-12-04 00:00:00','7711','1000036994','PACHECO VIDAL CARLOS GILBERTO','50640324','EGU077','814190219','16744',3.00,0.00,0.00,0.00,NULL,'A',1),(1052,'2024-12-04 00:00:00','7711','1000036994','PACHECO VIDAL CARLOS GILBERTO','50640324','EGU077','814190219','5706',3.00,0.00,0.00,0.00,NULL,'A',1),(1053,'2024-12-04 00:00:00','7711','1000036994','PACHECO VIDAL CARLOS GILBERTO','50640324','EGU077','814190219','5748',1.00,0.00,0.00,0.00,NULL,'A',1),(1054,'2024-12-04 00:00:00','7711','1000036994','PACHECO VIDAL CARLOS GILBERTO','50640324','EGU077','814190219','5731',4.00,0.00,0.00,0.00,NULL,'A',1),(1055,'2024-12-04 00:00:00','7711','1000036994','PACHECO VIDAL CARLOS GILBERTO','50640324','EGU077','814190219','5735',2.00,0.00,0.00,0.00,NULL,'A',1),(1056,'2024-12-04 00:00:00','7711','1000036994','PACHECO VIDAL CARLOS GILBERTO','50640324','EGU077','814190219','5523',4.00,0.00,0.00,0.00,NULL,'A',1),(1057,'2024-12-04 00:00:00','7711','1000109605','PINDUISACA PARCO LUIS ALFONSO','50640324','EGU074','814190461','11107',1.00,0.00,0.00,0.00,NULL,'A',1),(1058,'2024-12-04 00:00:00','7711','1000108490','BOCATTI CC','50640324','EGU075','814190460','17155',50.00,0.00,0.00,0.00,NULL,'A',1),(1059,'2024-12-04 00:00:00','7711','1000108490','BOCATTI CC','50640324','EGU075','814190460','8208',5.00,0.00,0.00,0.00,NULL,'A',1),(1060,'2024-12-04 00:00:00','7711','1000108490','BOCATTI CC','50640324','EGU075','814190460','5703',8.00,0.00,0.00,0.00,NULL,'A',1),(1061,'2024-12-04 00:00:00','7711','1000108490','BOCATTI CC','50640324','EGU075','814190460','12036',7.00,0.00,0.00,0.00,NULL,'A',1),(1062,'2024-12-04 00:00:00','7711','1000108490','BOCATTI CC','50640324','EGU075','814190460','5753',6.00,0.00,0.00,0.00,NULL,'A',1),(1063,'2024-12-04 00:00:00','7711','1000108490','BOCATTI CC','50640324','EGU075','814190460','5760',2.00,0.00,0.00,0.00,NULL,'A',1),(1064,'2024-12-04 00:00:00','7711','1000108490','BOCATTI CC','50640324','EGU075','814190460','10071',10.00,0.00,0.00,0.00,NULL,'A',1),(1065,'2024-12-04 00:00:00','7711','1000108490','BOCATTI CC','50640324','EGU075','814190460','5730',1.00,0.00,0.00,0.00,NULL,'A',1),(1066,'2024-12-04 00:00:00','7711','1000108490','BOCATTI CC','50640324','EGU075','814190460','5731',12.00,0.00,0.00,0.00,NULL,'A',1),(1067,'2024-12-04 00:00:00','7711','1000108490','BOCATTI CC','50640324','EGU075','814190460','5732',2.00,0.00,0.00,0.00,NULL,'A',1),(1068,'2024-12-04 00:00:00','7711','1000108490','BOCATTI CC','50640324','EGU075','814190460','5736',1.00,0.00,0.00,0.00,NULL,'A',1),(1069,'2024-12-04 00:00:00','7711','1000108490','BOCATTI CC','50640324','EGU075','814190460','5513',2.00,0.00,0.00,0.00,NULL,'A',1),(1070,'2024-12-04 00:00:00','7711','1000072567','OCHOA QUITO THALIA ARACELI','50640324','EGU074','814190452','17155',4.00,0.00,0.00,0.00,NULL,'A',1),(1071,'2024-12-04 00:00:00','7711','1000072567','OCHOA QUITO THALIA ARACELI','50640324','EGU074','814190452','8208',1.00,0.00,0.00,0.00,NULL,'A',1),(1072,'2024-12-04 00:00:00','7711','1000039168','MOROCHO ORDONES WILSON FABIAN','50640324','EGU074','814190450','14606',2.00,0.00,0.00,0.00,NULL,'A',1),(1073,'2024-12-04 00:00:00','7711','1000039168','MOROCHO ORDONES WILSON FABIAN','50640324','EGU074','814190450','14607',4.00,0.00,0.00,0.00,NULL,'A',1),(1074,'2024-12-04 00:00:00','7711','1000039168','MOROCHO ORDONES WILSON FABIAN','50640324','EGU074','814190450','16157',1.00,0.00,0.00,0.00,NULL,'A',1),(1075,'2024-12-04 00:00:00','7711','1000039168','MOROCHO ORDONES WILSON FABIAN','50640324','EGU074','814190450','16272',2.00,0.00,0.00,0.00,NULL,'A',1),(1076,'2024-12-04 00:00:00','7711','1000039168','MOROCHO ORDONES WILSON FABIAN','50640324','EGU074','814190450','16510',2.00,0.00,0.00,0.00,NULL,'A',1),(1077,'2024-12-04 00:00:00','7711','1000039168','MOROCHO ORDONES WILSON FABIAN','50640324','EGU074','814190450','16512',3.00,0.00,0.00,0.00,NULL,'A',1),(1078,'2024-12-04 00:00:00','7711','1000039168','MOROCHO ORDONES WILSON FABIAN','50640324','EGU074','814190450','16515',1.00,0.00,0.00,0.00,NULL,'A',1),(1079,'2024-12-04 00:00:00','7711','1000039168','MOROCHO ORDONES WILSON FABIAN','50640324','EGU074','814190450','12035',1.00,0.00,0.00,0.00,NULL,'A',1),(1080,'2024-12-04 00:00:00','7711','1000039168','MOROCHO ORDONES WILSON FABIAN','50640324','EGU074','814190450','5750',1.00,0.00,0.00,0.00,NULL,'A',1),(1081,'2024-12-04 00:00:00','7711','1000039168','MOROCHO ORDONES WILSON FABIAN','50640324','EGU074','814190450','5729',1.00,0.00,0.00,0.00,NULL,'A',1),(1082,'2024-12-04 00:00:00','7711','1000039168','MOROCHO ORDONES WILSON FABIAN','50640324','EGU074','814190450','10127',5.00,0.00,0.00,0.00,NULL,'A',1),(1083,'2024-12-04 00:00:00','7711','1000039168','MOROCHO ORDONES WILSON FABIAN','50640324','EGU074','814190450','5510',2.00,0.00,0.00,0.00,NULL,'A',1),(1084,'2024-12-04 00:00:00','7711','1000039168','MOROCHO ORDONES WILSON FABIAN','50640324','EGU074','814190450','4921',2.00,0.00,0.00,0.00,NULL,'A',1),(1085,'2024-12-04 00:00:00','7711','1000039168','MOROCHO ORDONES WILSON FABIAN','50640324','EGU074','814190450','4923',2.00,0.00,0.00,0.00,NULL,'A',1),(1086,'2024-12-04 00:00:00','7711','1000039168','MOROCHO ORDONES WILSON FABIAN','50640324','EGU074','814190450','6219239',2.00,0.00,0.00,0.00,NULL,'A',1),(1087,'2024-12-04 00:00:00','7711','1000039168','MOROCHO ORDONES WILSON FABIAN','50640324','EGU074','814190450','6221239',1.00,0.00,0.00,0.00,NULL,'A',1),(1088,'2024-12-04 00:00:00','7711','1000039168','MOROCHO ORDONES WILSON FABIAN','50640324','EGU074','814190450','6222239',1.00,0.00,0.00,0.00,NULL,'A',1),(1089,'2024-12-04 00:00:00','7711','1000039168','MOROCHO ORDONES WILSON FABIAN','50640324','EGU074','814190450','6226239',1.00,0.00,0.00,0.00,NULL,'A',1),(1090,'2024-12-04 00:00:00','7711','1000039168','MOROCHO ORDONES WILSON FABIAN','50640324','EGU074','814190450','10654',2.00,0.00,0.00,0.00,NULL,'A',1),(1091,'2024-12-04 00:00:00','7711','1000039168','MOROCHO ORDONES WILSON FABIAN','50640324','EGU074','814190450','4161',1.00,0.00,0.00,0.00,NULL,'A',1),(1092,'2024-12-04 00:00:00','7711','1000039168','MOROCHO ORDONES WILSON FABIAN','50640324','EGU074','814190450','11177',1.00,0.00,0.00,0.00,NULL,'A',1),(1093,'2024-12-04 00:00:00','7711','1000039168','MOROCHO ORDONES WILSON FABIAN','50640324','EGU074','814190450','10984',2.00,0.00,0.00,0.00,NULL,'A',1),(1094,'2024-12-04 00:00:00','7711','1000023680','GIL JARA JAVIER OSWALDO','50640324','EGU074','814190449','8654',3.00,0.00,0.00,0.00,NULL,'A',1),(1095,'2024-12-04 00:00:00','7711','1000023680','GIL JARA JAVIER OSWALDO','50640324','EGU074','814190449','8655',1.00,0.00,0.00,0.00,NULL,'A',1),(1096,'2024-12-04 00:00:00','7711','1000023680','GIL JARA JAVIER OSWALDO','50640324','EGU074','814190449','16408',1.00,0.00,0.00,0.00,NULL,'A',1),(1097,'2024-12-04 00:00:00','7711','1000023680','GIL JARA JAVIER OSWALDO','50640324','EGU074','814190449','16511',1.00,0.00,0.00,0.00,NULL,'A',1),(1098,'2024-12-04 00:00:00','7711','1000023680','GIL JARA JAVIER OSWALDO','50640324','EGU074','814190449','17113',1.00,0.00,0.00,0.00,NULL,'A',1),(1099,'2024-12-04 00:00:00','7711','1000023680','GIL JARA JAVIER OSWALDO','50640324','EGU074','814190449','17114',1.00,0.00,0.00,0.00,NULL,'A',1),(1100,'2024-12-04 00:00:00','7711','1000023680','GIL JARA JAVIER OSWALDO','50640324','EGU074','814190449','17115',1.00,0.00,0.00,0.00,NULL,'A',1),(1101,'2024-12-04 00:00:00','7711','1000023680','GIL JARA JAVIER OSWALDO','50640324','EGU074','814190449','11105',1.00,0.00,0.00,0.00,NULL,'A',1),(1102,'2024-12-04 00:00:00','7711','1000023680','GIL JARA JAVIER OSWALDO','50640324','EGU074','814190449','4920',1.00,0.00,0.00,0.00,NULL,'A',1),(1103,'2024-12-04 00:00:00','7711','1000023680','GIL JARA JAVIER OSWALDO','50640324','EGU074','814190449','10654',2.00,0.00,0.00,0.00,NULL,'A',1),(1104,'2024-12-04 00:00:00','7711','1000023680','GIL JARA JAVIER OSWALDO','50640324','EGU074','814190449','10990',1.00,0.00,0.00,0.00,NULL,'A',1),(1105,'2024-12-04 00:00:00','7711','1000023680','GIL JARA JAVIER OSWALDO','50640324','EGU074','814190449','4895',1.00,0.00,0.00,0.00,NULL,'A',1),(1106,'2024-12-04 00:00:00','7711','1000023680','GIL JARA JAVIER OSWALDO','50640324','EGU074','814190449','4162',3.00,0.00,0.00,0.00,NULL,'A',1),(1107,'2024-12-04 00:00:00','7711','1000023680','GIL JARA JAVIER OSWALDO','50640324','EGU074','814190449','11175',2.00,0.00,0.00,0.00,NULL,'A',1),(1108,'2024-12-04 00:00:00','7711','1000023680','GIL JARA JAVIER OSWALDO','50640324','EGU074','814190449','11177',2.00,0.00,0.00,0.00,NULL,'A',1),(1109,'2024-12-04 00:00:00','7711','1000023680','GIL JARA JAVIER OSWALDO','50640324','EGU074','814190449','10984',1.00,0.00,0.00,0.00,NULL,'A',1),(1110,'2024-12-04 00:00:00','7711','1000036953','DISVENTAS CIA LTDA','50640324','EGU079','814190447','5510',20.00,0.00,0.00,0.00,NULL,'A',1),(1111,'2024-12-04 00:00:00','7711','1000037401','COMERCIAL ARANDANOCOM DEL SUR CIA','50640324','EGU074','814190439','15592',1.00,0.00,0.00,0.00,NULL,'A',1),(1112,'2024-12-04 00:00:00','7711','1000037401','COMERCIAL ARANDANOCOM DEL SUR CIA','50640324','EGU074','814190439','16510',1.00,0.00,0.00,0.00,NULL,'A',1),(1113,'2024-12-04 00:00:00','7711','1000037401','COMERCIAL ARANDANOCOM DEL SUR CIA','50640324','EGU074','814190439','16513',1.00,0.00,0.00,0.00,NULL,'A',1),(1114,'2024-12-04 00:00:00','7711','1000037401','COMERCIAL ARANDANOCOM DEL SUR CIA','50640324','EGU074','814190439','16527',2.00,0.00,0.00,0.00,NULL,'A',1),(1115,'2024-12-04 00:00:00','7711','1000037401','COMERCIAL ARANDANOCOM DEL SUR CIA','50640324','EGU074','814190439','16530',2.00,0.00,0.00,0.00,NULL,'A',1),(1116,'2024-12-04 00:00:00','7711','1000037401','COMERCIAL ARANDANOCOM DEL SUR CIA','50640324','EGU074','814190439','17113',3.00,0.00,0.00,0.00,NULL,'A',1),(1117,'2024-12-04 00:00:00','7711','1000037401','COMERCIAL ARANDANOCOM DEL SUR CIA','50640324','EGU074','814190439','5769',2.00,0.00,0.00,0.00,NULL,'A',1),(1118,'2024-12-04 00:00:00','7711','1000037401','COMERCIAL ARANDANOCOM DEL SUR CIA','50640324','EGU074','814190439','5749',1.00,0.00,0.00,0.00,NULL,'A',1),(1119,'2024-12-04 00:00:00','7711','1000037401','COMERCIAL ARANDANOCOM DEL SUR CIA','50640324','EGU074','814190439','5523',1.00,0.00,0.00,0.00,NULL,'A',1),(1120,'2024-12-04 00:00:00','7711','1000037401','COMERCIAL ARANDANOCOM DEL SUR CIA','50640324','EGU074','814190439','4454239',2.00,0.00,0.00,0.00,NULL,'A',1),(1121,'2024-12-04 00:00:00','7711','1000037401','COMERCIAL ARANDANOCOM DEL SUR CIA','50640324','EGU074','814190439','6219239',1.00,0.00,0.00,0.00,NULL,'A',1),(1122,'2024-12-04 00:00:00','7711','1000037401','COMERCIAL ARANDANOCOM DEL SUR CIA','50640324','EGU074','814190439','6222239',1.00,0.00,0.00,0.00,NULL,'A',1),(1123,'2024-12-04 00:00:00','7711','1000037401','COMERCIAL ARANDANOCOM DEL SUR CIA','50640324','EGU074','814190439','6226239',1.00,0.00,0.00,0.00,NULL,'A',1),(1124,'2024-12-04 00:00:00','7711','1000037401','COMERCIAL ARANDANOCOM DEL SUR CIA','50640324','EGU074','814190439','10653',2.00,0.00,0.00,0.00,NULL,'A',1),(1125,'2024-12-04 00:00:00','7711','1000037401','COMERCIAL ARANDANOCOM DEL SUR CIA','50640324','EGU074','814190439','10654',2.00,0.00,0.00,0.00,NULL,'A',1),(1126,'2024-12-04 00:00:00','7711','1000037401','COMERCIAL ARANDANOCOM DEL SUR CIA','50640324','EGU074','814190439','12299',2.00,0.00,0.00,0.00,NULL,'A',1),(1127,'2024-12-04 00:00:00','7711','1000036800','SALDANA GALINDO JUAN MANUEL','50640324','EGU074','814190430','5745',3.00,0.00,0.00,0.00,NULL,'A',1),(1128,'2024-12-04 00:00:00','7711','1000036800','SALDANA GALINDO JUAN MANUEL','50640324','EGU074','814190430','5764',2.80,0.00,0.00,0.00,NULL,'A',1),(1129,'2024-12-04 00:00:00','7711','1000036800','SALDANA GALINDO JUAN MANUEL','50640324','EGU074','814190430','5719',3.40,0.00,0.00,0.00,NULL,'A',1),(1130,'2024-12-04 00:00:00','7711','1000036800','SALDANA GALINDO JUAN MANUEL','50640324','EGU074','814190430','5761',5.20,0.00,0.00,0.00,NULL,'A',1),(1131,'2024-12-04 00:00:00','7711','1000115040','VILLA GARCIA PATRICIO VICENTE','50640324','EGU074','814190428','5523',6.00,0.00,0.00,0.00,NULL,'A',1),(1132,'2024-12-04 00:00:00','7711','1000038146','ORTIZ SOLORZANO MARIA ERMELINDA','50640324','EGU074','814190417','16156',6.00,0.00,0.00,0.00,NULL,'A',1),(1133,'2024-12-04 00:00:00','7711','1000038146','ORTIZ SOLORZANO MARIA ERMELINDA','50640324','EGU074','814190417','16157',6.00,0.00,0.00,0.00,NULL,'A',1),(1134,'2024-12-04 00:00:00','7711','1000038146','ORTIZ SOLORZANO MARIA ERMELINDA','50640324','EGU074','814190417','16679',1.00,0.00,0.00,0.00,NULL,'A',1),(1135,'2024-12-04 00:00:00','7711','1000038146','ORTIZ SOLORZANO MARIA ERMELINDA','50640324','EGU074','814190417','16680',1.00,0.00,0.00,0.00,NULL,'A',1),(1136,'2024-12-04 00:00:00','7711','1000038146','ORTIZ SOLORZANO MARIA ERMELINDA','50640324','EGU074','814190417','10829',1.00,0.00,0.00,0.00,NULL,'A',1),(1137,'2024-12-04 00:00:00','7711','1000038146','ORTIZ SOLORZANO MARIA ERMELINDA','50640324','EGU074','814190417','10830',1.00,0.00,0.00,0.00,NULL,'A',1),(1138,'2024-12-04 00:00:00','7711','1000038146','ORTIZ SOLORZANO MARIA ERMELINDA','50640324','EGU074','814190417','12036',2.00,0.00,0.00,0.00,NULL,'A',1),(1139,'2024-12-04 00:00:00','7711','1000038146','ORTIZ SOLORZANO MARIA ERMELINDA','50640324','EGU074','814190417','5766',3.00,0.00,0.00,0.00,NULL,'A',1),(1140,'2024-12-04 00:00:00','7711','1000038146','ORTIZ SOLORZANO MARIA ERMELINDA','50640324','EGU074','814190417','5777',3.00,0.00,0.00,0.00,NULL,'A',1),(1141,'2024-12-04 00:00:00','7711','1000038146','ORTIZ SOLORZANO MARIA ERMELINDA','50640324','EGU074','814190417','4163',1.00,0.00,0.00,0.00,NULL,'A',1),(1142,'2024-12-04 00:00:00','7711','1000038146','ORTIZ SOLORZANO MARIA ERMELINDA','50640324','EGU074','814190417','5244',1.00,0.00,0.00,0.00,NULL,'A',1),(1143,'2024-12-04 00:00:00','7711','1000113186','CABRERA CAMPOVERDE STEPHANIE GABR','50640324','EGU074','814190695','17155',20.00,0.00,0.00,0.00,NULL,'A',1),(1144,'2024-12-04 00:00:00','7711','1000109605','PINDUISACA PARCO LUIS ALFONSO','50640324','EGU074','814190687','14606',2.00,0.00,0.00,0.00,NULL,'A',1),(1145,'2024-12-04 00:00:00','7711','1000109605','PINDUISACA PARCO LUIS ALFONSO','50640324','EGU074','814190687','14607',2.00,0.00,0.00,0.00,NULL,'A',1),(1146,'2024-12-04 00:00:00','7711','1000109605','PINDUISACA PARCO LUIS ALFONSO','50640324','EGU074','814190687','16156',5.00,0.00,0.00,0.00,NULL,'A',1),(1147,'2024-12-04 00:00:00','7711','1000109605','PINDUISACA PARCO LUIS ALFONSO','50640324','EGU074','814190687','16158',2.00,0.00,0.00,0.00,NULL,'A',1),(1148,'2024-12-04 00:00:00','7711','1000109605','PINDUISACA PARCO LUIS ALFONSO','50640324','EGU074','814190687','16680',1.00,0.00,0.00,0.00,NULL,'A',1),(1149,'2024-12-04 00:00:00','7711','1000109605','PINDUISACA PARCO LUIS ALFONSO','50640324','EGU074','814190687','12036',5.00,0.00,0.00,0.00,NULL,'A',1),(1150,'2024-12-04 00:00:00','7711','1000109605','PINDUISACA PARCO LUIS ALFONSO','50640324','EGU074','814190687','4454239',4.00,0.00,0.00,0.00,NULL,'A',1),(1151,'2024-12-04 00:00:00','7711','1000109605','PINDUISACA PARCO LUIS ALFONSO','50640324','EGU074','814190687','4161',1.00,0.00,0.00,0.00,NULL,'A',1),(1152,'2024-12-04 00:00:00','7711','1000109605','PINDUISACA PARCO LUIS ALFONSO','50640324','EGU074','814190687','4163',1.00,0.00,0.00,0.00,NULL,'A',1),(1153,'2024-12-04 00:00:00','7711','1000109605','PINDUISACA PARCO LUIS ALFONSO','50640324','EGU074','814190687','11175',2.00,0.00,0.00,0.00,NULL,'A',1),(1154,'2024-12-04 00:00:00','7711','1000109605','PINDUISACA PARCO LUIS ALFONSO','50640324','EGU074','814190687','11177',2.00,0.00,0.00,0.00,NULL,'A',1),(1155,'2024-12-04 00:00:00','7711','1000109605','PINDUISACA PARCO LUIS ALFONSO','50640324','EGU074','814190687','10984',2.00,0.00,0.00,0.00,NULL,'A',1),(1156,'2024-12-04 00:00:00','7711','1000109605','PINDUISACA PARCO LUIS ALFONSO','50640324','EGU074','814190687','10986',2.00,0.00,0.00,0.00,NULL,'A',1),(1157,'2024-12-04 00:00:00','7711','1000109605','PINDUISACA PARCO LUIS ALFONSO','50640324','EGU074','814190687','5244',1.00,0.00,0.00,0.00,NULL,'A',1),(1158,'2024-12-04 00:00:00','7711','1000109605','PINDUISACA PARCO LUIS ALFONSO','50640324','EGU074','814190687','5275',1.00,0.00,0.00,0.00,NULL,'A',1),(1159,'2024-12-04 00:00:00','7711','1000108490','BOCATTI CC','50640324','EGU075','814190671','5766',1.00,0.00,0.00,0.00,NULL,'A',1),(1160,'2024-12-04 00:00:00','7711','1000108490','BOCATTI CC','50640324','EGU075','814190671','5759',1.00,0.00,0.00,0.00,NULL,'A',1),(1161,'2024-12-04 00:00:00','7711','1000108490','BOCATTI CC','50640324','EGU075','814190671','5731',1.00,0.00,0.00,0.00,NULL,'A',1),(1162,'2024-12-04 00:00:00','7711','1000108490','BOCATTI CC','50640324','EGU075','814190671','5732',2.00,0.00,0.00,0.00,NULL,'A',1),(1163,'2024-12-04 00:00:00','7711','1000108490','BOCATTI CC','50640324','EGU075','814190671','5736',1.00,0.00,0.00,0.00,NULL,'A',1),(1164,'2024-12-04 00:00:00','7711','1000036920','GRILL Y BAR CHIPLOTE CIA LTDA','50640324','EGU077','814190667','5701',1.00,0.00,0.00,0.00,NULL,'A',1),(1165,'2024-12-04 00:00:00','7711','1000039168','MOROCHO ORDONES WILSON FABIAN','50640324','EGU074','814190663','5730',3.00,0.00,0.00,0.00,NULL,'A',1),(1166,'2024-12-04 00:00:00','7711','1000039168','MOROCHO ORDONES WILSON FABIAN','50640324','EGU074','814190663','5736',3.00,0.00,0.00,0.00,NULL,'A',1),(1167,'2024-12-04 00:00:00','7711','1000036722','TAMAYO SALDANA JUANA CATALINA','50640324','EGU074','814190660','8261',15.00,0.00,0.00,0.00,NULL,'A',1),(1168,'2024-12-04 00:00:00','7711','1000036722','TAMAYO SALDANA JUANA CATALINA','50640324','EGU074','814190660','5709',15.00,0.00,0.00,0.00,NULL,'A',1),(1169,'2024-12-04 00:00:00','7711','1000038146','ORTIZ SOLORZANO MARIA ERMELINDA','50640324','EGU074','814190655','10984',3.00,0.00,0.00,0.00,NULL,'A',1),(1170,'2024-12-04 00:00:00','7711','1000057602','COELLAR DELGADO EVA DEL ROCIO','50640324','EGU077','814190653','5701',1.00,0.00,0.00,0.00,NULL,'A',1),(1171,'2024-12-04 00:00:00','7711','1000036893','CUENCAORO HOTELERA CUENCA SA','50640324','EGU074','814190616','5703',12.00,12.00,12.00,0.00,NULL,'P',3),(1172,'2024-12-04 00:00:00','7711','1000036893','CUENCAORO HOTELERA CUENCA SA','50640324','EGU074','814190616','5758',22.40,21.20,21.20,-1.20,'03','P',3),(1173,'2024-12-04 00:00:00','7711','1000036893','CUENCAORO HOTELERA CUENCA SA','50640324','EGU074','814190616','5764',22.40,25.00,22.40,2.60,'01','P',3),(1174,'2024-12-04 00:00:00','7711','1000113179','GARAY PALACIOS ADOLFO TEODORO','50640325','EGU077','814190520','14607',5.00,0.00,0.00,0.00,NULL,'A',1),(1175,'2024-12-04 00:00:00','7711','1000113179','GARAY PALACIOS ADOLFO TEODORO','50640325','EGU077','814190520','14719',1.00,0.00,0.00,0.00,NULL,'A',1),(1176,'2024-12-04 00:00:00','7711','1000113179','GARAY PALACIOS ADOLFO TEODORO','50640325','EGU077','814190520','17350',5.00,0.00,0.00,0.00,NULL,'A',1),(1177,'2024-12-04 00:00:00','7711','1000113179','GARAY PALACIOS ADOLFO TEODORO','50640325','EGU077','814190520','10830',2.00,0.00,0.00,0.00,NULL,'A',1),(1178,'2024-12-04 00:00:00','7711','1000113179','GARAY PALACIOS ADOLFO TEODORO','50640325','EGU077','814190520','5771',3.00,0.00,0.00,0.00,NULL,'A',1),(1179,'2024-12-04 00:00:00','7711','1000113179','GARAY PALACIOS ADOLFO TEODORO','50640325','EGU077','814190520','5731',4.00,0.00,0.00,0.00,NULL,'A',1),(1180,'2024-12-04 00:00:00','7711','1000113179','GARAY PALACIOS ADOLFO TEODORO','50640325','EGU077','814190520','11175',5.00,0.00,0.00,0.00,NULL,'A',1),(1181,'2024-12-04 00:00:00','7711','1000113179','GARAY PALACIOS ADOLFO TEODORO','50640325','EGU077','814190520','11177',5.00,0.00,0.00,0.00,NULL,'A',1),(1182,'2024-12-04 00:00:00','7711','1000038125','MARTINEZ CUZCO CRISTIAN GEOVANNY','50640325','EGU077','814190521','15565',2.00,0.00,0.00,0.00,NULL,'A',1),(1183,'2024-12-04 00:00:00','7711','1000038125','MARTINEZ CUZCO CRISTIAN GEOVANNY','50640325','EGU077','814190521','15592',4.00,0.00,0.00,0.00,NULL,'A',1),(1184,'2024-12-04 00:00:00','7711','1000038125','MARTINEZ CUZCO CRISTIAN GEOVANNY','50640325','EGU077','814190521','8206',2.00,0.00,0.00,0.00,NULL,'A',1),(1185,'2024-12-04 00:00:00','7711','1000038125','MARTINEZ CUZCO CRISTIAN GEOVANNY','50640325','EGU077','814190521','5510',5.00,0.00,0.00,0.00,NULL,'A',1),(1186,'2024-12-04 00:00:00','7711','1000038125','MARTINEZ CUZCO CRISTIAN GEOVANNY','50640325','EGU077','814190521','10653',5.00,0.00,0.00,0.00,NULL,'A',1),(1187,'2024-12-04 00:00:00','7711','1000038125','MARTINEZ CUZCO CRISTIAN GEOVANNY','50640325','EGU077','814190521','10654',8.00,0.00,0.00,0.00,NULL,'A',1),(1188,'2024-12-04 00:00:00','7711','1000038125','MARTINEZ CUZCO CRISTIAN GEOVANNY','50640325','EGU077','814190521','10990',5.00,0.00,0.00,0.00,NULL,'A',1),(1189,'2024-12-04 00:00:00','7711','1000038040','DELGADO ORTIZ CARLOS ALFREDO','50640325','EGU077','814190468','15565',1.00,0.00,0.00,0.00,NULL,'A',1),(1190,'2024-12-04 00:00:00','7711','1000038040','DELGADO ORTIZ CARLOS ALFREDO','50640325','EGU077','814190468','15592',2.00,0.00,0.00,0.00,NULL,'A',1),(1191,'2024-12-04 00:00:00','7711','1000038040','DELGADO ORTIZ CARLOS ALFREDO','50640325','EGU077','814190468','16157',4.00,0.00,0.00,0.00,NULL,'A',1),(1192,'2024-12-04 00:00:00','7711','1000038040','DELGADO ORTIZ CARLOS ALFREDO','50640325','EGU077','814190468','16678',3.00,0.00,0.00,0.00,NULL,'A',1),(1193,'2024-12-04 00:00:00','7711','1000038040','DELGADO ORTIZ CARLOS ALFREDO','50640325','EGU077','814190468','17350',3.00,0.00,0.00,0.00,NULL,'A',1),(1194,'2024-12-04 00:00:00','7711','1000038040','DELGADO ORTIZ CARLOS ALFREDO','50640325','EGU077','814190468','8206',3.00,0.00,0.00,0.00,NULL,'A',1),(1195,'2024-12-04 00:00:00','7711','1000038040','DELGADO ORTIZ CARLOS ALFREDO','50640325','EGU077','814190468','5709',6.00,0.00,0.00,0.00,NULL,'A',1),(1196,'2024-12-04 00:00:00','7711','1000038040','DELGADO ORTIZ CARLOS ALFREDO','50640325','EGU077','814190468','12036',4.00,0.00,0.00,0.00,NULL,'A',1),(1197,'2024-12-04 00:00:00','7711','1000038040','DELGADO ORTIZ CARLOS ALFREDO','50640325','EGU077','814190468','10654',2.00,0.00,0.00,0.00,NULL,'A',1),(1198,'2024-12-04 00:00:00','7711','1000038040','DELGADO ORTIZ CARLOS ALFREDO','50640325','EGU077','814190468','12299',5.00,0.00,0.00,0.00,NULL,'A',1),(1199,'2024-12-04 00:00:00','7711','1000038206','VILLA PICHIZACA NORMA ISABEL','50640325','EGU077','814190484','15592',4.00,0.00,0.00,0.00,NULL,'A',1),(1200,'2024-12-04 00:00:00','7711','1000038206','VILLA PICHIZACA NORMA ISABEL','50640325','EGU077','814190484','15997',2.00,0.00,0.00,0.00,NULL,'A',1),(1201,'2024-12-04 00:00:00','7711','1000038206','VILLA PICHIZACA NORMA ISABEL','50640325','EGU077','814190484','16156',2.00,0.00,0.00,0.00,NULL,'A',1),(1202,'2024-12-04 00:00:00','7711','1000038206','VILLA PICHIZACA NORMA ISABEL','50640325','EGU077','814190484','16157',2.00,0.00,0.00,0.00,NULL,'A',1),(1203,'2024-12-04 00:00:00','7711','1000038206','VILLA PICHIZACA NORMA ISABEL','50640325','EGU077','814190484','16678',4.00,0.00,0.00,0.00,NULL,'A',1),(1204,'2024-12-04 00:00:00','7711','1000038206','VILLA PICHIZACA NORMA ISABEL','50640325','EGU077','814190484','17113',2.00,0.00,0.00,0.00,NULL,'A',1),(1205,'2024-12-04 00:00:00','7711','1000038206','VILLA PICHIZACA NORMA ISABEL','50640325','EGU077','814190484','17114',3.00,0.00,0.00,0.00,NULL,'A',1),(1206,'2024-12-04 00:00:00','7711','1000038206','VILLA PICHIZACA NORMA ISABEL','50640325','EGU077','814190484','17115',3.00,0.00,0.00,0.00,NULL,'A',1),(1207,'2024-12-04 00:00:00','7711','1000038206','VILLA PICHIZACA NORMA ISABEL','50640325','EGU077','814190484','17116',3.00,0.00,0.00,0.00,NULL,'A',1),(1208,'2024-12-04 00:00:00','7711','1000038206','VILLA PICHIZACA NORMA ISABEL','50640325','EGU077','814190484','17117',3.00,0.00,0.00,0.00,NULL,'A',1),(1209,'2024-12-04 00:00:00','7711','1000038206','VILLA PICHIZACA NORMA ISABEL','50640325','EGU077','814190484','17350',2.00,0.00,0.00,0.00,NULL,'A',1),(1210,'2024-12-04 00:00:00','7711','1000038206','VILLA PICHIZACA NORMA ISABEL','50640325','EGU077','814190484','8656',3.00,0.00,0.00,0.00,NULL,'A',1),(1211,'2024-12-04 00:00:00','7711','1000038206','VILLA PICHIZACA NORMA ISABEL','50640325','EGU077','814190484','10663',3.00,0.00,0.00,0.00,NULL,'A',1),(1212,'2024-12-04 00:00:00','7711','1000038206','VILLA PICHIZACA NORMA ISABEL','50640325','EGU077','814190484','5523',5.00,0.00,0.00,0.00,NULL,'A',1),(1213,'2024-12-04 00:00:00','7711','1000038206','VILLA PICHIZACA NORMA ISABEL','50640325','EGU077','814190484','11796',2.00,0.00,0.00,0.00,NULL,'A',1),(1214,'2024-12-04 00:00:00','7711','1000038206','VILLA PICHIZACA NORMA ISABEL','50640325','EGU077','814190484','4920',2.00,0.00,0.00,0.00,NULL,'A',1),(1215,'2024-12-04 00:00:00','7711','1000038206','VILLA PICHIZACA NORMA ISABEL','50640325','EGU077','814190484','4921',2.00,0.00,0.00,0.00,NULL,'A',1),(1216,'2024-12-04 00:00:00','7711','1000038206','VILLA PICHIZACA NORMA ISABEL','50640325','EGU077','814190484','6221239',1.00,0.00,0.00,0.00,NULL,'A',1),(1217,'2024-12-04 00:00:00','7711','1000038206','VILLA PICHIZACA NORMA ISABEL','50640325','EGU077','814190484','10653',4.00,0.00,0.00,0.00,NULL,'A',1),(1218,'2024-12-04 00:00:00','7711','1000038206','VILLA PICHIZACA NORMA ISABEL','50640325','EGU077','814190484','10654',4.00,0.00,0.00,0.00,NULL,'A',1),(1219,'2024-12-04 00:00:00','7711','1000038206','VILLA PICHIZACA NORMA ISABEL','50640325','EGU077','814190484','10990',4.00,0.00,0.00,0.00,NULL,'A',1),(1220,'2024-12-04 00:00:00','7711','1000038206','VILLA PICHIZACA NORMA ISABEL','50640325','EGU077','814190484','12299',4.00,0.00,0.00,0.00,NULL,'A',1),(1221,'2024-12-04 00:00:00','7711','1000038206','VILLA PICHIZACA NORMA ISABEL','50640325','EGU077','814190484','2121',3.00,0.00,0.00,0.00,NULL,'A',1),(1222,'2024-12-04 00:00:00','7711','1000038206','VILLA PICHIZACA NORMA ISABEL','50640325','EGU077','814190484','4160',1.00,0.00,0.00,0.00,NULL,'A',1),(1223,'2024-12-04 00:00:00','7711','1000038206','VILLA PICHIZACA NORMA ISABEL','50640325','EGU077','814190484','4162',1.00,0.00,0.00,0.00,NULL,'A',1),(1224,'2024-12-04 00:00:00','7711','1000038206','VILLA PICHIZACA NORMA ISABEL','50640325','EGU077','814190484','4010',2.00,0.00,0.00,0.00,NULL,'A',1),(1225,'2024-12-04 00:00:00','7711','8000005607','CONORQUE CIALTDA','50640325','EGU075','814190650','5717',3.00,0.00,0.00,0.00,NULL,'A',1),(1226,'2024-12-04 00:00:00','7711','8000005607','CONORQUE CIALTDA','50640325','EGU075','814190650','11037',3.00,0.00,0.00,0.00,NULL,'A',1),(1227,'2024-12-04 00:00:00','7711','8000005607','CONORQUE CIALTDA','50640325','EGU075','814190650','14164',4.00,0.00,0.00,0.00,NULL,'A',1),(1228,'2024-12-04 00:00:00','7711','8000005607','CONORQUE CIALTDA','50640325','EGU075','814190650','14165',3.00,0.00,0.00,0.00,NULL,'A',1),(1229,'2024-12-04 00:00:00','7711','8000005607','CONORQUE CIALTDA','50640325','EGU075','814190650','14606',12.00,0.00,0.00,0.00,NULL,'A',1),(1230,'2024-12-04 00:00:00','7711','8000005607','CONORQUE CIALTDA','50640325','EGU075','814190650','14607',10.00,0.00,0.00,0.00,NULL,'A',1),(1231,'2024-12-04 00:00:00','7711','8000005607','CONORQUE CIALTDA','50640325','EGU075','814190650','15592',15.00,0.00,0.00,0.00,NULL,'A',1),(1232,'2024-12-04 00:00:00','7711','8000005607','CONORQUE CIALTDA','50640325','EGU075','814190650','15594',1.00,0.00,0.00,0.00,NULL,'A',1),(1233,'2024-12-04 00:00:00','7711','8000005607','CONORQUE CIALTDA','50640325','EGU075','814190650','15997',4.00,0.00,0.00,0.00,NULL,'A',1),(1234,'2024-12-04 00:00:00','7711','8000005607','CONORQUE CIALTDA','50640325','EGU075','814190650','16017',1.00,0.00,0.00,0.00,NULL,'A',1),(1235,'2024-12-04 00:00:00','7711','8000005607','CONORQUE CIALTDA','50640325','EGU075','814190650','16018',1.00,0.00,0.00,0.00,NULL,'A',1),(1236,'2024-12-04 00:00:00','7711','8000005607','CONORQUE CIALTDA','50640325','EGU075','814190650','16157',10.00,0.00,0.00,0.00,NULL,'A',1),(1237,'2024-12-04 00:00:00','7711','8000005607','CONORQUE CIALTDA','50640325','EGU075','814190650','16230',2.00,0.00,0.00,0.00,NULL,'A',1),(1238,'2024-12-04 00:00:00','7711','8000005607','CONORQUE CIALTDA','50640325','EGU075','814190650','16232',6.00,0.00,0.00,0.00,NULL,'A',1),(1239,'2024-12-04 00:00:00','7711','8000005607','CONORQUE CIALTDA','50640325','EGU075','814190650','16236',2.00,0.00,0.00,0.00,NULL,'A',1),(1240,'2024-12-04 00:00:00','7711','8000005607','CONORQUE CIALTDA','50640325','EGU075','814190650','16530',12.00,0.00,0.00,0.00,NULL,'A',1),(1241,'2024-12-04 00:00:00','7711','8000005607','CONORQUE CIALTDA','50640325','EGU075','814190650','16678',10.00,0.00,0.00,0.00,NULL,'A',1),(1242,'2024-12-04 00:00:00','7711','8000005607','CONORQUE CIALTDA','50640325','EGU075','814190650','16679',3.00,0.00,0.00,0.00,NULL,'A',1),(1243,'2024-12-04 00:00:00','7711','8000005607','CONORQUE CIALTDA','50640325','EGU075','814190650','16680',4.00,0.00,0.00,0.00,NULL,'A',1),(1244,'2024-12-04 00:00:00','7711','8000005607','CONORQUE CIALTDA','50640325','EGU075','814190650','16745',4.00,0.00,0.00,0.00,NULL,'A',1),(1245,'2024-12-04 00:00:00','7711','8000005607','CONORQUE CIALTDA','50640325','EGU075','814190650','17113',6.00,0.00,0.00,0.00,NULL,'A',1),(1246,'2024-12-04 00:00:00','7711','8000005607','CONORQUE CIALTDA','50640325','EGU075','814190650','17115',6.00,0.00,0.00,0.00,NULL,'A',1),(1247,'2024-12-04 00:00:00','7711','8000005607','CONORQUE CIALTDA','50640325','EGU075','814190650','17116',6.00,0.00,0.00,0.00,NULL,'A',1),(1248,'2024-12-04 00:00:00','7711','8000005607','CONORQUE CIALTDA','50640325','EGU075','814190650','17117',6.00,0.00,0.00,0.00,NULL,'A',1),(1249,'2024-12-04 00:00:00','7711','8000005607','CONORQUE CIALTDA','50640325','EGU075','814190650','17262',5.00,0.00,0.00,0.00,NULL,'A',1),(1250,'2024-12-04 00:00:00','7711','8000005607','CONORQUE CIALTDA','50640325','EGU075','814190650','17350',10.00,0.00,0.00,0.00,NULL,'A',1),(1251,'2024-12-04 00:00:00','7711','8000005607','CONORQUE CIALTDA','50640325','EGU075','814190650','11107',1.00,0.00,0.00,0.00,NULL,'A',1),(1252,'2024-12-04 00:00:00','7711','8000005607','CONORQUE CIALTDA','50640325','EGU075','814190650','11109',2.00,0.00,0.00,0.00,NULL,'A',1),(1253,'2024-12-04 00:00:00','7711','8000005607','CONORQUE CIALTDA','50640325','EGU075','814190650','11105',1.00,0.00,0.00,0.00,NULL,'A',1),(1254,'2024-12-04 00:00:00','7711','8000005607','CONORQUE CIALTDA','50640325','EGU075','814190650','11108',1.00,0.00,0.00,0.00,NULL,'A',1),(1255,'2024-12-04 00:00:00','7711','8000005607','CONORQUE CIALTDA','50640325','EGU075','814190650','11953',1.00,0.00,0.00,0.00,NULL,'A',1),(1256,'2024-12-04 00:00:00','7711','8000005607','CONORQUE CIALTDA','50640325','EGU075','814190650','12549',3.00,0.00,0.00,0.00,NULL,'A',1),(1257,'2024-12-04 00:00:00','7711','8000005607','CONORQUE CIALTDA','50640325','EGU075','814190650','10829',10.00,0.00,0.00,0.00,NULL,'A',1),(1258,'2024-12-04 00:00:00','7711','8000005607','CONORQUE CIALTDA','50640325','EGU075','814190650','10830',10.00,0.00,0.00,0.00,NULL,'A',1),(1259,'2024-12-04 00:00:00','7711','8000005607','CONORQUE CIALTDA','50640325','EGU075','814190650','12300',10.00,0.00,0.00,0.00,NULL,'A',1),(1260,'2024-12-04 00:00:00','7711','8000005607','CONORQUE CIALTDA','50640325','EGU075','814190650','8260',20.00,0.00,0.00,0.00,NULL,'A',1),(1261,'2024-12-04 00:00:00','7711','8000005607','CONORQUE CIALTDA','50640325','EGU075','814190650','8261',15.00,0.00,0.00,0.00,NULL,'A',1),(1262,'2024-12-04 00:00:00','7711','8000005607','CONORQUE CIALTDA','50640325','EGU075','814190650','8208',1.00,0.00,0.00,0.00,NULL,'A',1),(1263,'2024-12-04 00:00:00','7711','8000005607','CONORQUE CIALTDA','50640325','EGU075','814190650','5706',12.00,0.00,0.00,0.00,NULL,'A',1),(1264,'2024-12-04 00:00:00','7711','8000005607','CONORQUE CIALTDA','50640325','EGU075','814190650','5709',10.00,0.00,0.00,0.00,NULL,'A',1),(1265,'2024-12-04 00:00:00','7711','8000005607','CONORQUE CIALTDA','50640325','EGU075','814190650','5763',2.00,0.00,0.00,0.00,NULL,'A',1),(1266,'2024-12-04 00:00:00','7711','8000005607','CONORQUE CIALTDA','50640325','EGU075','814190650','12035',10.00,0.00,0.00,0.00,NULL,'A',1),(1267,'2024-12-04 00:00:00','7711','8000005607','CONORQUE CIALTDA','50640325','EGU075','814190650','5746',6.00,0.00,0.00,0.00,NULL,'A',1),(1268,'2024-12-04 00:00:00','7711','8000005607','CONORQUE CIALTDA','50640325','EGU075','814190650','12036',5.00,0.00,0.00,0.00,NULL,'A',1),(1269,'2024-12-04 00:00:00','7711','8000005607','CONORQUE CIALTDA','50640325','EGU075','814190650','5748',3.00,0.00,0.00,0.00,NULL,'A',1),(1270,'2024-12-04 00:00:00','7711','8000005607','CONORQUE CIALTDA','50640325','EGU075','814190650','5780',2.00,0.00,0.00,0.00,NULL,'A',1),(1271,'2024-12-04 00:00:00','7711','8000005607','CONORQUE CIALTDA','50640325','EGU075','814190650','5769',4.00,0.00,0.00,0.00,NULL,'A',1),(1272,'2024-12-04 00:00:00','7711','8000005607','CONORQUE CIALTDA','50640325','EGU075','814190650','12037',4.00,0.00,0.00,0.00,NULL,'A',1),(1273,'2024-12-04 00:00:00','7711','8000005607','CONORQUE CIALTDA','50640325','EGU075','814190650','5760',3.00,0.00,0.00,0.00,NULL,'A',1),(1274,'2024-12-04 00:00:00','7711','8000005607','CONORQUE CIALTDA','50640325','EGU075','814190650','5759',3.00,0.00,0.00,0.00,NULL,'A',1),(1275,'2024-12-04 00:00:00','7711','8000005607','CONORQUE CIALTDA','50640325','EGU075','814190650','5778',8.00,0.00,0.00,0.00,NULL,'A',1),(1276,'2024-12-04 00:00:00','7711','8000005607','CONORQUE CIALTDA','50640325','EGU075','814190650','5750',2.00,0.00,0.00,0.00,NULL,'A',1),(1277,'2024-12-04 00:00:00','7711','8000005607','CONORQUE CIALTDA','50640325','EGU075','814190650','10071',2.00,0.00,0.00,0.00,NULL,'A',1),(1278,'2024-12-04 00:00:00','7711','8000005607','CONORQUE CIALTDA','50640325','EGU075','814190650','5729',20.00,0.00,0.00,0.00,NULL,'A',1),(1279,'2024-12-04 00:00:00','7711','8000005607','CONORQUE CIALTDA','50640325','EGU075','814190650','5730',10.00,0.00,0.00,0.00,NULL,'A',1),(1280,'2024-12-04 00:00:00','7711','8000005607','CONORQUE CIALTDA','50640325','EGU075','814190650','5731',20.00,0.00,0.00,0.00,NULL,'A',1),(1281,'2024-12-04 00:00:00','7711','8000005607','CONORQUE CIALTDA','50640325','EGU075','814190650','5732',15.00,0.00,0.00,0.00,NULL,'A',1),(1282,'2024-12-04 00:00:00','7711','8000005607','CONORQUE CIALTDA','50640325','EGU075','814190650','5733',6.00,0.00,0.00,0.00,NULL,'A',1),(1283,'2024-12-04 00:00:00','7711','8000005607','CONORQUE CIALTDA','50640325','EGU075','814190650','5735',15.00,0.00,0.00,0.00,NULL,'A',1),(1284,'2024-12-04 00:00:00','7711','8000005607','CONORQUE CIALTDA','50640325','EGU075','814190650','5736',15.00,0.00,0.00,0.00,NULL,'A',1),(1285,'2024-12-04 00:00:00','7711','8000005607','CONORQUE CIALTDA','50640325','EGU075','814190650','5737',10.00,0.00,0.00,0.00,NULL,'A',1),(1286,'2024-12-04 00:00:00','7711','8000005607','CONORQUE CIALTDA','50640325','EGU075','814190650','5818',3.00,0.00,0.00,0.00,NULL,'A',1),(1287,'2024-12-04 00:00:00','7711','8000005607','CONORQUE CIALTDA','50640325','EGU075','814190650','10127',25.00,0.00,0.00,0.00,NULL,'A',1),(1288,'2024-12-04 00:00:00','7711','8000005607','CONORQUE CIALTDA','50640325','EGU075','814190650','12416',3.00,0.00,0.00,0.00,NULL,'A',1),(1289,'2024-12-04 00:00:00','7711','8000005607','CONORQUE CIALTDA','50640325','EGU075','814190650','4133',5.00,0.00,0.00,0.00,NULL,'A',1),(1290,'2024-12-04 00:00:00','7711','8000005607','CONORQUE CIALTDA','50640325','EGU075','814190650','4134',5.00,0.00,0.00,0.00,NULL,'A',1),(1291,'2024-12-04 00:00:00','7711','8000005607','CONORQUE CIALTDA','50640325','EGU075','814190650','8656',10.00,0.00,0.00,0.00,NULL,'A',1),(1292,'2024-12-04 00:00:00','7711','8000005607','CONORQUE CIALTDA','50640325','EGU075','814190650','10663',10.00,0.00,0.00,0.00,NULL,'A',1),(1293,'2024-12-04 00:00:00','7711','8000005607','CONORQUE CIALTDA','50640325','EGU075','814190650','5523',30.00,0.00,0.00,0.00,NULL,'A',1),(1294,'2024-12-04 00:00:00','7711','8000005607','CONORQUE CIALTDA','50640325','EGU075','814190650','11796',10.00,0.00,0.00,0.00,NULL,'A',1),(1295,'2024-12-04 00:00:00','7711','8000005607','CONORQUE CIALTDA','50640325','EGU075','814190650','5510',12.00,0.00,0.00,0.00,NULL,'A',1),(1296,'2024-12-04 00:00:00','7711','8000005607','CONORQUE CIALTDA','50640325','EGU075','814190650','5512',6.00,0.00,0.00,0.00,NULL,'A',1),(1297,'2024-12-04 00:00:00','7711','8000005607','CONORQUE CIALTDA','50640325','EGU075','814190650','5513',6.00,0.00,0.00,0.00,NULL,'A',1),(1298,'2024-12-04 00:00:00','7711','8000005607','CONORQUE CIALTDA','50640325','EGU075','814190650','4921',6.00,0.00,0.00,0.00,NULL,'A',1),(1299,'2024-12-04 00:00:00','7711','8000005607','CONORQUE CIALTDA','50640325','EGU075','814190650','6219239',10.00,0.00,0.00,0.00,NULL,'A',1),(1300,'2024-12-04 00:00:00','7711','8000005607','CONORQUE CIALTDA','50640325','EGU075','814190650','6221239',10.00,0.00,0.00,0.00,NULL,'A',1),(1301,'2024-12-04 00:00:00','7711','8000005607','CONORQUE CIALTDA','50640325','EGU075','814190650','6226239',15.00,0.00,0.00,0.00,NULL,'A',1),(1302,'2024-12-04 00:00:00','7711','8000005607','CONORQUE CIALTDA','50640325','EGU075','814190650','10653',20.00,0.00,0.00,0.00,NULL,'A',1),(1303,'2024-12-04 00:00:00','7711','8000005607','CONORQUE CIALTDA','50640325','EGU075','814190650','10654',20.00,0.00,0.00,0.00,NULL,'A',1),(1304,'2024-12-04 00:00:00','7711','8000005607','CONORQUE CIALTDA','50640325','EGU075','814190650','10990',20.00,0.00,0.00,0.00,NULL,'A',1),(1305,'2024-12-04 00:00:00','7711','8000005607','CONORQUE CIALTDA','50640325','EGU075','814190650','12299',20.00,0.00,0.00,0.00,NULL,'A',1),(1306,'2024-12-04 00:00:00','7711','8000005607','CONORQUE CIALTDA','50640325','EGU075','814190650','4889',3.00,0.00,0.00,0.00,NULL,'A',1),(1307,'2024-12-04 00:00:00','7711','8000005607','CONORQUE CIALTDA','50640325','EGU075','814190650','4894',2.00,0.00,0.00,0.00,NULL,'A',1),(1308,'2024-12-04 00:00:00','7711','8000005607','CONORQUE CIALTDA','50640325','EGU075','814190650','4895',3.00,0.00,0.00,0.00,NULL,'A',1),(1309,'2024-12-04 00:00:00','7711','8000005607','CONORQUE CIALTDA','50640325','EGU075','814190650','4247',4.00,0.00,0.00,0.00,NULL,'A',1),(1310,'2024-12-04 00:00:00','7711','8000005607','CONORQUE CIALTDA','50640325','EGU075','814190650','4248',4.00,0.00,0.00,0.00,NULL,'A',1),(1311,'2024-12-04 00:00:00','7711','8000005607','CONORQUE CIALTDA','50640325','EGU075','814190650','2122',3.00,0.00,0.00,0.00,NULL,'A',1),(1312,'2024-12-04 00:00:00','7711','8000005607','CONORQUE CIALTDA','50640325','EGU075','814190650','2123',3.00,0.00,0.00,0.00,NULL,'A',1),(1313,'2024-12-04 00:00:00','7711','8000005607','CONORQUE CIALTDA','50640325','EGU075','814190650','1224',5.00,0.00,0.00,0.00,NULL,'A',1),(1314,'2024-12-04 00:00:00','7711','8000005607','CONORQUE CIALTDA','50640325','EGU075','814190650','9088',4.00,0.00,0.00,0.00,NULL,'A',1),(1315,'2024-12-04 00:00:00','7711','8000005607','CONORQUE CIALTDA','50640325','EGU075','814190650','4161',3.00,0.00,0.00,0.00,NULL,'A',1),(1316,'2024-12-04 00:00:00','7711','8000005607','CONORQUE CIALTDA','50640325','EGU075','814190650','4011',1.00,0.00,0.00,0.00,NULL,'A',1),(1317,'2024-12-04 00:00:00','7711','8000005607','CONORQUE CIALTDA','50640325','EGU075','814190650','4012',1.00,0.00,0.00,0.00,NULL,'A',1),(1318,'2024-12-04 00:00:00','7711','8000005607','CONORQUE CIALTDA','50640325','EGU075','814190650','4013',4.00,0.00,0.00,0.00,NULL,'A',1),(1319,'2024-12-04 00:00:00','7711','8000005607','CONORQUE CIALTDA','50640325','EGU075','814190650','11955',1.00,0.00,0.00,0.00,NULL,'A',1),(1320,'2024-12-04 00:00:00','7711','8000005607','CONORQUE CIALTDA','50640325','EGU075','814190650','12548',3.00,0.00,0.00,0.00,NULL,'A',1),(1321,'2024-12-04 00:00:00','7711','8000005607','CONORQUE CIALTDA','50640325','EGU075','814190650','11175',10.00,0.00,0.00,0.00,NULL,'A',1),(1322,'2024-12-04 00:00:00','7711','8000005607','CONORQUE CIALTDA','50640325','EGU075','814190650','11177',10.00,0.00,0.00,0.00,NULL,'A',1),(1323,'2024-12-04 00:00:00','7711','8000005607','CONORQUE CIALTDA','50640325','EGU075','814190650','10984',12.00,0.00,0.00,0.00,NULL,'A',1),(1324,'2024-12-04 00:00:00','7711','8000005607','CONORQUE CIALTDA','50640325','EGU075','814190650','10986',6.00,0.00,0.00,0.00,NULL,'A',1),(1325,'2024-12-04 00:00:00','7711','8000005607','CONORQUE CIALTDA','50640325','EGU075','814190650','5275',3.00,0.00,0.00,0.00,NULL,'A',1),(1326,'2024-12-04 00:00:00','7711','1000016218','CONORQUE CIALTDA','50640325','EGU074','814190614','5717',8.00,0.00,0.00,0.00,NULL,'A',1),(1327,'2024-12-04 00:00:00','7711','1000016218','CONORQUE CIALTDA','50640325','EGU074','814190614','8414',24.00,0.00,0.00,0.00,NULL,'A',1),(1328,'2024-12-04 00:00:00','7711','1000016218','CONORQUE CIALTDA','50640325','EGU074','814190614','11037',4.00,0.00,0.00,0.00,NULL,'A',1),(1329,'2024-12-04 00:00:00','7711','1000016218','CONORQUE CIALTDA','50640325','EGU074','814190614','13828',5.00,0.00,0.00,0.00,NULL,'A',1),(1330,'2024-12-04 00:00:00','7711','1000016218','CONORQUE CIALTDA','50640325','EGU074','814190614','14606',8.00,0.00,0.00,0.00,NULL,'A',1),(1331,'2024-12-04 00:00:00','7711','1000016218','CONORQUE CIALTDA','50640325','EGU074','814190614','14607',8.00,0.00,0.00,0.00,NULL,'A',1),(1332,'2024-12-04 00:00:00','7711','1000016218','CONORQUE CIALTDA','50640325','EGU074','814190614','14719',6.00,0.00,0.00,0.00,NULL,'A',1),(1333,'2024-12-04 00:00:00','7711','1000016218','CONORQUE CIALTDA','50640325','EGU074','814190614','15592',30.00,0.00,0.00,0.00,NULL,'A',1),(1334,'2024-12-04 00:00:00','7711','1000016218','CONORQUE CIALTDA','50640325','EGU074','814190614','15997',8.00,0.00,0.00,0.00,NULL,'A',1),(1335,'2024-12-04 00:00:00','7711','1000016218','CONORQUE CIALTDA','50640325','EGU074','814190614','16078',12.00,0.00,0.00,0.00,NULL,'A',1),(1336,'2024-12-04 00:00:00','7711','1000016218','CONORQUE CIALTDA','50640325','EGU074','814190614','16157',10.00,0.00,0.00,0.00,NULL,'A',1),(1337,'2024-12-04 00:00:00','7711','1000016218','CONORQUE CIALTDA','50640325','EGU074','814190614','16510',8.00,0.00,0.00,0.00,NULL,'A',1),(1338,'2024-12-04 00:00:00','7711','1000016218','CONORQUE CIALTDA','50640325','EGU074','814190614','16511',3.00,0.00,0.00,0.00,NULL,'A',1),(1339,'2024-12-04 00:00:00','7711','1000016218','CONORQUE CIALTDA','50640325','EGU074','814190614','16512',3.00,0.00,0.00,0.00,NULL,'A',1),(1340,'2024-12-04 00:00:00','7711','1000016218','CONORQUE CIALTDA','50640325','EGU074','814190614','16513',8.00,0.00,0.00,0.00,NULL,'A',1),(1341,'2024-12-04 00:00:00','7711','1000016218','CONORQUE CIALTDA','50640325','EGU074','814190614','16514',4.00,0.00,0.00,0.00,NULL,'A',1),(1342,'2024-12-04 00:00:00','7711','1000016218','CONORQUE CIALTDA','50640325','EGU074','814190614','16515',8.00,0.00,0.00,0.00,NULL,'A',1),(1343,'2024-12-04 00:00:00','7711','1000016218','CONORQUE CIALTDA','50640325','EGU074','814190614','16530',15.00,0.00,0.00,0.00,NULL,'A',1),(1344,'2024-12-04 00:00:00','7711','1000016218','CONORQUE CIALTDA','50640325','EGU074','814190614','16678',30.00,0.00,0.00,0.00,NULL,'A',1),(1345,'2024-12-04 00:00:00','7711','1000016218','CONORQUE CIALTDA','50640325','EGU074','814190614','16681',6.00,0.00,0.00,0.00,NULL,'A',1),(1346,'2024-12-04 00:00:00','7711','1000016218','CONORQUE CIALTDA','50640325','EGU074','814190614','16743',24.00,0.00,0.00,0.00,NULL,'A',1),(1347,'2024-12-04 00:00:00','7711','1000016218','CONORQUE CIALTDA','50640325','EGU074','814190614','17113',12.00,0.00,0.00,0.00,NULL,'A',1),(1348,'2024-12-04 00:00:00','7711','1000016218','CONORQUE CIALTDA','50640325','EGU074','814190614','17350',8.00,0.00,0.00,0.00,NULL,'A',1),(1349,'2024-12-04 00:00:00','7711','1000016218','CONORQUE CIALTDA','50640325','EGU074','814190614','11109',3.00,0.00,0.00,0.00,NULL,'A',1),(1350,'2024-12-04 00:00:00','7711','1000016218','CONORQUE CIALTDA','50640325','EGU074','814190614','10829',10.00,0.00,0.00,0.00,NULL,'A',1),(1351,'2024-12-04 00:00:00','7711','1000016218','CONORQUE CIALTDA','50640325','EGU074','814190614','10830',10.00,0.00,0.00,0.00,NULL,'A',1),(1352,'2024-12-04 00:00:00','7711','1000016218','CONORQUE CIALTDA','50640325','EGU074','814190614','8260',24.00,0.00,0.00,0.00,NULL,'A',1),(1353,'2024-12-04 00:00:00','7711','1000016218','CONORQUE CIALTDA','50640325','EGU074','814190614','8261',12.00,0.00,0.00,0.00,NULL,'A',1),(1354,'2024-12-04 00:00:00','7711','1000016218','CONORQUE CIALTDA','50640325','EGU074','814190614','8208',1.00,0.00,0.00,0.00,NULL,'A',1),(1355,'2024-12-04 00:00:00','7711','1000016218','CONORQUE CIALTDA','50640325','EGU074','814190614','5706',24.00,0.00,0.00,0.00,NULL,'A',1),(1356,'2024-12-04 00:00:00','7711','1000016218','CONORQUE CIALTDA','50640325','EGU074','814190614','12035',12.00,0.00,0.00,0.00,NULL,'A',1),(1357,'2024-12-04 00:00:00','7711','1000016218','CONORQUE CIALTDA','50640325','EGU074','814190614','12036',6.00,0.00,0.00,0.00,NULL,'A',1),(1358,'2024-12-04 00:00:00','7711','1000016218','CONORQUE CIALTDA','50640325','EGU074','814190614','5777',6.00,0.00,0.00,0.00,NULL,'A',1),(1359,'2024-12-04 00:00:00','7711','1000016218','CONORQUE CIALTDA','50640325','EGU074','814190614','5729',15.00,0.00,0.00,0.00,NULL,'A',1),(1360,'2024-12-04 00:00:00','7711','1000016218','CONORQUE CIALTDA','50640325','EGU074','814190614','5730',8.00,0.00,0.00,0.00,NULL,'A',1),(1361,'2024-12-04 00:00:00','7711','1000016218','CONORQUE CIALTDA','50640325','EGU074','814190614','5731',5.00,0.00,0.00,0.00,NULL,'A',1),(1362,'2024-12-04 00:00:00','7711','1000016218','CONORQUE CIALTDA','50640325','EGU074','814190614','5732',5.00,0.00,0.00,0.00,NULL,'A',1),(1363,'2024-12-04 00:00:00','7711','1000016218','CONORQUE CIALTDA','50640325','EGU074','814190614','5733',3.00,0.00,0.00,0.00,NULL,'A',1),(1364,'2024-12-04 00:00:00','7711','1000016218','CONORQUE CIALTDA','50640325','EGU074','814190614','5735',15.00,0.00,0.00,0.00,NULL,'A',1),(1365,'2024-12-04 00:00:00','7711','1000016218','CONORQUE CIALTDA','50640325','EGU074','814190614','5736',5.00,0.00,0.00,0.00,NULL,'A',1),(1366,'2024-12-04 00:00:00','7711','1000016218','CONORQUE CIALTDA','50640325','EGU074','814190614','5737',3.00,0.00,0.00,0.00,NULL,'A',1),(1367,'2024-12-04 00:00:00','7711','1000016218','CONORQUE CIALTDA','50640325','EGU074','814190614','10127',15.00,0.00,0.00,0.00,NULL,'A',1),(1368,'2024-12-04 00:00:00','7711','1000016218','CONORQUE CIALTDA','50640325','EGU074','814190614','8656',15.00,0.00,0.00,0.00,NULL,'A',1),(1369,'2024-12-04 00:00:00','7711','1000016218','CONORQUE CIALTDA','50640325','EGU074','814190614','10663',12.00,0.00,0.00,0.00,NULL,'A',1),(1370,'2024-12-04 00:00:00','7711','1000016218','CONORQUE CIALTDA','50640325','EGU074','814190614','5523',40.00,0.00,0.00,0.00,NULL,'A',1),(1371,'2024-12-04 00:00:00','7711','1000016218','CONORQUE CIALTDA','50640325','EGU074','814190614','11796',12.00,0.00,0.00,0.00,NULL,'A',1),(1372,'2024-12-04 00:00:00','7711','1000016218','CONORQUE CIALTDA','50640325','EGU074','814190614','5510',12.00,0.00,0.00,0.00,NULL,'A',1),(1373,'2024-12-04 00:00:00','7711','1000016218','CONORQUE CIALTDA','50640325','EGU074','814190614','4454239',12.00,0.00,0.00,0.00,NULL,'A',1),(1374,'2024-12-04 00:00:00','7711','1000016218','CONORQUE CIALTDA','50640325','EGU074','814190614','4450239',24.00,0.00,0.00,0.00,NULL,'A',1),(1375,'2024-12-04 00:00:00','7711','1000016218','CONORQUE CIALTDA','50640325','EGU074','814190614','4920',6.00,0.00,0.00,0.00,NULL,'A',1),(1376,'2024-12-04 00:00:00','7711','1000016218','CONORQUE CIALTDA','50640325','EGU074','814190614','4921',6.00,0.00,0.00,0.00,NULL,'A',1),(1377,'2024-12-04 00:00:00','7711','1000016218','CONORQUE CIALTDA','50640325','EGU074','814190614','4923',6.00,0.00,0.00,0.00,NULL,'A',1),(1378,'2024-12-04 00:00:00','7711','1000016218','CONORQUE CIALTDA','50640325','EGU074','814190614','6219239',15.00,0.00,0.00,0.00,NULL,'A',1),(1379,'2024-12-04 00:00:00','7711','1000016218','CONORQUE CIALTDA','50640325','EGU074','814190614','6221239',15.00,0.00,0.00,0.00,NULL,'A',1),(1380,'2024-12-04 00:00:00','7711','1000016218','CONORQUE CIALTDA','50640325','EGU074','814190614','6222239',15.00,0.00,0.00,0.00,NULL,'A',1),(1381,'2024-12-04 00:00:00','7711','1000016218','CONORQUE CIALTDA','50640325','EGU074','814190614','6226239',15.00,0.00,0.00,0.00,NULL,'A',1),(1382,'2024-12-04 00:00:00','7711','1000016218','CONORQUE CIALTDA','50640325','EGU074','814190614','10653',50.00,0.00,0.00,0.00,NULL,'A',1),(1383,'2024-12-04 00:00:00','7711','1000016218','CONORQUE CIALTDA','50640325','EGU074','814190614','10654',50.00,0.00,0.00,0.00,NULL,'A',1),(1384,'2024-12-04 00:00:00','7711','1000016218','CONORQUE CIALTDA','50640325','EGU074','814190614','10990',50.00,0.00,0.00,0.00,NULL,'A',1),(1385,'2024-12-04 00:00:00','7711','1000016218','CONORQUE CIALTDA','50640325','EGU074','814190614','12299',50.00,0.00,0.00,0.00,NULL,'A',1),(1386,'2024-12-04 00:00:00','7711','1000016218','CONORQUE CIALTDA','50640325','EGU074','814190614','1224',6.00,0.00,0.00,0.00,NULL,'A',1),(1387,'2024-12-04 00:00:00','7711','1000016218','CONORQUE CIALTDA','50640325','EGU074','814190614','9088',3.00,0.00,0.00,0.00,NULL,'A',1),(1388,'2024-12-04 00:00:00','7711','1000016218','CONORQUE CIALTDA','50640325','EGU074','814190614','12548',3.00,0.00,0.00,0.00,NULL,'A',1),(1389,'2024-12-04 00:00:00','7711','1000016218','CONORQUE CIALTDA','50640325','EGU074','814190614','10984',8.00,0.00,0.00,0.00,NULL,'A',1),(1390,'2024-12-04 00:00:00','7711','1000016218','CONORQUE CIALTDA','50640325','EGU074','814190614','10986',8.00,0.00,0.00,0.00,NULL,'A',1),(1391,'2024-12-04 00:00:00','7711','1000036893','CUENCAORO HOTELERA CUENCA SA','50640324','EGU074','814190616','5767',0.00,6.00,0.00,6.00,'01','P',2);
/*!40000 ALTER TABLE `pedidos` ENABLE KEYS */;
UNLOCK TABLES;

--
-- Temporary view structure for view `pivot_contro_dia`
--

DROP TABLE IF EXISTS `pivot_contro_dia`;
/*!50001 DROP VIEW IF EXISTS `pivot_contro_dia`*/;
SET @saved_cs_client     = @@character_set_client;
/*!50503 SET character_set_client = utf8mb4 */;
/*!50001 CREATE VIEW `pivot_contro_dia` AS SELECT 
 1 AS `fecha`,
 1 AS `idcentro`,
 1 AS `centro`,
 1 AS `ruta`,
 1 AS `activo`,
 1 AS `enproceso`,
 1 AS `finalizado`*/;
SET character_set_client = @saved_cs_client;

--
-- Table structure for table `productos`
--

DROP TABLE IF EXISTS `productos`;
/*!40101 SET @saved_cs_client     = @@character_set_client */;
/*!50503 SET character_set_client = utf8mb4 */;
CREATE TABLE `productos` (
  `idproducto` varchar(10) NOT NULL,
  `codigoEAN` varchar(13) NOT NULL,
  `descripcion` varchar(80) NOT NULL,
  `estacion` int NOT NULL,
  `pesoSTD` decimal(8,2) NOT NULL DEFAULT '1.00',
  `estado` varchar(1) NOT NULL,
  PRIMARY KEY (`idproducto`)
) ENGINE=InnoDB DEFAULT CHARSET=utf8mb4 COLLATE=utf8mb4_0900_ai_ci;
/*!40101 SET character_set_client = @saved_cs_client */;

--
-- Dumping data for table `productos`
--

LOCK TABLES `productos` WRITE;
/*!40000 ALTER TABLE `productos` DISABLE KEYS */;
INSERT INTO `productos` VALUES ('10071','7702001100712','Q RICOTTA KIOSKO BLOQ 450G',5,1.00,'A'),('10096','7702001100965','Q CREMO DEL CAMPO KIOSKO BLOQ 450G',5,1.00,'A'),('10127','7702001101276','Q MOZAR KIOSKO SNACK 50G',8,1.00,'A'),('10179','7702001101795','MPLX6 Q MOZAR KIOSKO SNACK 50G',8,1.00,'A'),('10518','7702001105182','Q HOLAN KIOSKO LONJ 500G BKING',10,1.00,'A'),('10653','7702001106530','YOG BBLE KIOSKO FTLLA FUN 900G',9,1.00,'A'),('10654','7702001106547','YOG BBLE KIOSKO DZNO FUN 900G',99,1.00,'A'),('10663','7702001106639','BY NEON VASO 170G',6,1.00,'A'),('10829','7702001108299','YOG BBLE KIOSKO FTLLA BOT 3.5KG',9,1.00,'A'),('10830','7702001108305','YOG BBLE KIOSKO DZNO BOT 3.5KG',9,1.00,'A'),('10984','7702001109845','YOG BBLE KID KK FTLLA BOT 120G',4,1.00,'A'),('10986','7702001109869','YOG BBLE KID KK DZNO BOT 120G',4,1.00,'A'),('10990','7702001109906','YOG BBLE KIOSKO MOR FUN 900G',9,1.00,'A'),('10992','7702001109920','MPX6 YOG BBLE KID KK MULTSAB BOT 120G',4,1.00,'A'),('11037','7702001110377','MPLX4 BY NEON VASO 170G',3,1.00,'A'),('11085','7702001110858','MPLX4 AVENA CAN VASO 250G',1,1.00,'A'),('11105','7702001111053','YOG BBLE KIOSKO FTLLA BOT 950G',7,1.00,'A'),('11106','7702001111060','YOG BBLE KIOSKO FTLLA BOT 1700G',4,1.00,'A'),('11107','7702001111077','YOG BBLE KIOSKO DZNO BOT 950G',7,1.00,'A'),('11108','7702001111084','YOG BBLE KIOSKO DZNO BOT 1700G',4,1.00,'A'),('11109','7702001111091','YOG BBLE KIOSKO MOR BOT 950G',7,1.00,'A'),('11175','7702001111756','YOG BBLE KID KK FTLLA BOT 180G',3,1.00,'A'),('11177','7702001111770','YOG BBLE KID KK DZNO BOT 180G',3,1.00,'A'),('11219','7702001112191','YOG TZOS KIOSKO FTLLA VASO 150G',99,1.00,'A'),('11220','7702001112201','YOG TZOS KIOSKO DZNO VASO 150G',99,1.00,'A'),('11223','7702001112231','YOG TZOS KIOSKO DZNO BOT 950G',99,1.00,'A'),('11224','7702001112241','YOG TZOS KIOSKO MOR BOT 950G',99,1.00,'A'),('11311','7702001113118','MPLX18 AREQUIPE VASO 50G',8,1.00,'A'),('11320','7702001113200','Q ESPAR MOZAR KIOSKO VASO 45G',1,1.00,'A'),('11321','7702001113211','Q ESPAR MOZAR KIOSKO VASO 240G',99,1.00,'A'),('11322','7702001113224','Q ESPAR CHED KIOSKO VASO 45G',1,1.00,'A'),('11796','7702001117963','BY AREQ VASO 165G',6,1.00,'A'),('11836','7702001118361','YOG DUO KIOSKO PINA COCO BOT 950G',99,1.00,'A'),('11953','7702001119530','YOG FNSSE FRTROJ BOT 950G',2,1.00,'A'),('11954','7702001119547','YOG FNSSE FRTROJ BOT 180G',2,1.00,'A'),('11955','7702001119554','YOG FNSSE SBILA BOT 950G',2,1.00,'A'),('11956','7702001119561','YOG FNSSE SBILA BOT 180G',2,1.00,'A'),('12035','7702001120352','Q MOZAR KIOSKO 10 LONJ 150G',5,1.00,'A'),('12036','7702001120369','Q CHED KIOSKO 10 LONJ 200G',5,1.00,'A'),('12037','7702001120376','Q MIX GOURMET KIOSKO CUBO BOL 350G',8,1.00,'A'),('12096','7702001120963','Q PARME KIOSKO CUNA 300G',10,1.00,'A'),('12122','7702001121221','BY MINI CRUNFRE VASO 114G',99,1.00,'A'),('12202239','7702001122028','ALPINETTE MARACUYA 140G ECU',6,1.00,'A'),('1224','7861092112247','MPLX4 BY BLCK VASO 165G',3,1.00,'A'),('12299','7702001122998','YOG DUO KIOSKO PINA COCO FUN 900G',2,1.00,'A'),('12300','7702001123001','YOG BBLE KIOSKO MOR BOT 3.5KG',2,1.00,'A'),('12319','7702001123193','Q PROVO AHUM KIOSKO 10 LONJ 150G',8,1.00,'A'),('12320','7702001123209','Q PROVO AHUM KIOSKO LONJ 1KG',7,1.00,'A'),('12416','7702001124169','Q AMASADO KIOSKO BLOQ 450G',5,1.00,'A'),('12528','7702001125289','RGN CER GDLLA BOT 1750G',3,1.00,'A'),('12529','7702001125296','RGN CER GDLLA BOT 1000G',7,1.00,'A'),('12530','7702001125302','RGN CER GDLLA BOT 180G',4,1.00,'A'),('12548','7702001125487','YOG FNSSE SBILA BOT 1670G',2,1.00,'A'),('12549','7702001125494','YOG FNSSE FRTROJ BOT 1670G',2,1.00,'A'),('12550','7702001125500','MPLX4 BY MULTSAB VASO',3,1.00,'A'),('12552','7702001125521','YOG CER KIOSKO FTLLA VASO 120G',99,1.00,'A'),('12624','7702001126248','MPX4 YOG FNSSE MULTSAB BOT 180G',3,1.00,'A'),('13535','2953416000004','Q JAVIER KIOSKO INST LONJ AL PESO',10,2.50,'A'),('13645','7702001136452','CAJA BARQ DE AREQ 240G',6,1.00,'A'),('13828','7702001138289','QUESO MOZARELLA LIGHT KIOSKO 35 G',2,1.00,'A'),('13829','7702001138296','MPLX5 QUESO MOZARELLA LIGHT KIOSKO 35 G',2,1.00,'A'),('14164','7702001141647','MPLX4 ALPINETTE MOR 140G',6,1.00,'A'),('14165','7702001141654','MPLX4 ALPINETTE CZA 140G',6,1.00,'A'),('14180','2953418000002','Q AMERIC LONJ BKING AL PESO',10,1.60,'A'),('14584','7702001145841','BY MINI CANPOP VASO 130G',99,1.00,'A'),('14587','7702001145874','KUMIS ORIG BOT 1000G ECU',7,1.00,'A'),('14606','7702001146062','YOG BBLE KID KK MORA BOT 120G',4,1.00,'A'),('14607','7702001146079','YOG BBLE KID KK MORA BOT 180G',3,1.00,'A'),('14644','7702001146444','YOG NAT KIOSKO BOTELLA 950G',7,1.00,'A'),('14713','7702001147137','Q JAVIERINO KIOSKO RALLADO 1.5K',10,1.00,'A'),('14714','7702001147144','Q MOZZARELLA PIZZ KIOSKO RALLADO 1.5K',10,1.00,'A'),('14715','7702001147151','Q MOZAR PIZZ KIOSKO LONJ AL PESO COR',10,2.70,'A'),('14716','7702001147168','Q AMERIC KIOSKO LONJ AL PESO COR',10,1.60,'A'),('14719','7702001147199','MANTEQUILLA CON SAL KIOSKO 250G',8,1.00,'A'),('14721','7702001147211','MQUILLA SIN SAL 250KG',99,1.00,'A'),('15459','7702001154593','AREQUIPE Y PRETZEL STICKS 75 GRAMOS',3,1.00,'A'),('15565','7702001155651','FOURPACK AREQUIPE Y PRETZELS 75 GR',3,1.00,'A'),('15592','7702001155927','YOG BBLE KIOSKO NATURAL FUN 900G',3,1.00,'A'),('15593','7702001155934','Q MOZZARELLA DESLACTOSADO 500 GR',5,1.00,'A'),('15594','7702001155941','YOG BBLE KIOSKO NRJLA BOT 950G',7,1.00,'A'),('15673','7702001156731','RGN BBLE CIRUELA 180',99,1.00,'A'),('15674','7702001156741','RGN BBLE CIRUELA 1000',99,1.00,'A'),('15803','7702001158031','GRIEGO FRUT ROJ 500G',99,1.00,'A'),('15804','7702001158041','GRIEGO NAT 500G',99,1.00,'A'),('15997','7702001159970','QUESO SANDUCHE KIOSKO 75G',8,1.00,'A'),('16017','7702001160174','YOG FNSSE DURAZNO BOT 1670G',2,1.00,'A'),('16018','7702001160181','YOG FNSSE DURAZNO BOT 950G',2,1.00,'A'),('16019','7702001160198','YOG FNSSE DURAZNO BOT 180G',2,1.00,'A'),('16078','7702001160785','PACK Q SAND KIOSKO BLOQ 146G JAM',4,1.00,'A'),('16156','7702001161560','Q CHED KIOSKO 5 LONJ 75G',5,1.00,'A'),('16157','7702001161577','Q MOZZAR KIOSKO 5 LONJ 75G',2,1.00,'A'),('16158','7702001161584','Q AMERIC KIOSKO 5 LONJ 75G',8,1.00,'A'),('16230','7702001162307','Q GOUDA KIOSKO LONJ 200G',7,1.00,'A'),('16231','7702001162314','Q CHEDDAR KIOSKO LONJ 400G',8,1.00,'A'),('16232','7702001162321','Q AMERIC KIOSKO LONJ 150G',2,1.00,'A'),('16233','7702001162338','Q HOLAN KIOSKO BLOQ 400G',7,1.00,'A'),('16234','7702001162345','Q HIERBAS SEMIMAD KIOSKO 400G',5,1.00,'A'),('16235','7702001162352','Q CHEDDAR KIOSKO BLOQ 400G',7,1.00,'A'),('16236','7702001162369','Q MOZAR HIERBAS KIOSKO BLOQ 500G',5,1.00,'A'),('16259','7702001162591','GRIEGO LIMON 150G',99,1.00,'A'),('16272','7702001162727','Q KIOSKO MIX RALLADOS 300G',8,1.00,'A'),('16274','7702001162741','KIOSKO MIX LONJEADOS 400 G',6,1.00,'A'),('16366','7702001163663','YOG FNSSE VAINILLA 180',2,1.00,'A'),('16367','7702001163670','YOG FNSSE VAINILLA 950',2,1.00,'A'),('16368','7702001163687','YOG FNSSE VAINILLA 1650',2,1.00,'A'),('16371','7702001163717','Q ANDINO KIOSKO RUEDA 450G',7,1.00,'A'),('16372','7702001163724','YOG BBLE KIOSKO FTILLA 180',9,1.00,'A'),('16373','7702001163731','YOG BBLE KIOSKO DZNO 180',9,1.00,'A'),('16374','7702001163748','YOG BBLE KIOSKO MORA 180',9,1.00,'A'),('16375','7702001163755','MPX6 YOG BBLE KIOSKO 180',3,1.00,'A'),('16386','7702001163861','CREM LCH AGRIA KIOSKO DOYP 200G',2,1.00,'A'),('16407','7702001164073','Q ESPAR CHED KIOSKO DOYP 200G',8,1.00,'A'),('16408','7702001164080','Q ESPAR MOZZ KIOSKO DOYP 200G',5,1.00,'A'),('16493','2953424000003','QUESO KIOSKO HOLANDES LONJ 1KG AL PESO',10,2.50,'A'),('16494','2953425000002','QUESO KIOSKO JAVIERINO LONJ 1KG AL PESO',7,2.50,'A'),('16495','2953426000001','QUESO KIOSKO MOZZARELLA LONJ 1KG AL PESO',7,2.70,'A'),('16496','2953427000000','QUESO KIOSKO HIERBAS LONJ 1 KG AL PESO',7,2.50,'A'),('16510','7702001165100','GRIEG KIOSKO FRUT ROJ 120',4,1.00,'A'),('16511','7702001165117','GRIEG KIOSKO FRUT ROJ 400',4,1.00,'A'),('16512','7702001165124','GRIEG KIOSKO MOR Y ARAND 400',4,1.00,'A'),('16513','7702001165131','GRIEG KIOSKO MOR Y ARAND 120',4,1.00,'A'),('16514','7702001165148','GRIEG KIOSKO NATURAL 400',4,1.00,'A'),('16515','7702001165155','GRIEG KIOSKO NATURAL 120',4,1.00,'A'),('16518','7702001165186','MPLX4 GRIEG KIOSKO MULTISAB 480',3,1.00,'A'),('16527','7702001165278','Q HOLANDES KIOSKO LONJAS 75G',5,1.00,'A'),('16529','7702001165292','Q MOZZARELLA HIERBAS LONJAS 150G',5,1.00,'A'),('16530','7702001165308','BY MINI GOMITAS 127G',3,1.00,'A'),('16678','7702001166787','YOG BBLE KIOSKO GNBN 900G',9,1.00,'A'),('16679','7702001166794','RGN BBLE MORA 1750',3,1.00,'A'),('16680','7702001166800','RGN BBLE MORA 1000',7,1.00,'A'),('16681','7702001166817','RGN BBLE MORA 180',4,1.00,'A'),('16743','7702001167432','DULCE DE LECHE KIOSKO DOYPACK 100G',7,1.00,'A'),('16744','7702001167449','CREMA DE LECHE ALPINA 200G',2,1.00,'A'),('16745','7702001167456','SELECCION ESPECIAL KIOSKO 150G',8,1.00,'A'),('16906','7702001169061','MPLX6 AVENA FINESSE VASO 250G',6,1.00,'A'),('17014','7702001170142','Q HOLANDES KIOSKO RALLADO 1500G',10,1.00,'A'),('17024','7702001170241','YOG FNSSE FRTROJ MUSLI 155G',6,1.00,'A'),('17025','7702001170258','YOG FNSSE DURAZNO MUSLI 155G',6,1.00,'A'),('17036','7702001170364','YOG FINESSE NATURAL 1650G',2,1.00,'A'),('17037','7702001170371','YOG FINESSE NATURAL 950G',2,1.00,'A'),('17051','7702001170517','KIOSKO CHEDDAR LONJAS LINEA DIARIA 75G',5,1.00,'A'),('17052','7702001170524','KIOSKO MOZZARELL LONJAS LINEA DIARIA 75G',5,1.00,'A'),('17053','7702001170531','KIOSKO SANDUCHE LONJAS LINEA DIARIA 75G',5,1.00,'A'),('17069','7702001170692','YOG FINESSE NAT VASO 150g',1,1.00,'A'),('17113','7702001171132','BON YURT CHOCAPIC 158G',8,1.00,'A'),('17114','7702001171149','BON YURT MINI HOJUELAS 87G',3,1.00,'A'),('17115','7702001171156','BY MINI CRUNFRE VASO 90G',2,1.00,'A'),('17116','7702001171163','BY MINI CANPOP VASO 105G',6,1.00,'A'),('17117','7702001171170','BY MINI MASMELOS 88G',7,1.00,'A'),('17155','7702001171552','MQUILLA NAT KIOSKO 1KG INST MOD OTROS',5,1.00,'A'),('17215','7702001172153','YOG BBLE KIOSKO FTILLA FUN 150G',4,1.00,'A'),('17216','7702001172160','YOG BBLE KIOSKO MORA FUN 150G',4,1.00,'A'),('17217','7702001172177','YOG BBLE KIOSKO DURAZNO FUN 150G',4,1.00,'A'),('2082','7861092120822','MPLX4 RGN TZOS MULTSAB VASO 150G',3,1.00,'A'),('2121','7861092121218','RGN CER PITA BOT 180G',4,1.00,'A'),('2122','7861092121225','RGN CER PITA BOT 1000G',7,1.00,'A'),('2123','7861092121232','RGN CER PITA BOT 1750G ECU',3,1.00,'A'),('3183','7861092131835','MPLX6 AVENA ORIG VASO 250G',6,1.00,'A'),('4010','7861092140103','RGN LGHT FTLLA BOT 180G',4,1.00,'A'),('4011','7861092140110','RGN LGHT FTLLA BOT 1000G',7,1.00,'A'),('4012','7861092140127','RGN LGHT FTLLA BOT 1750G',3,1.00,'A'),('4013','7861092140134','MPLX4 RGN LGHT FTLLA BOT 180G',3,1.00,'A'),('4133','7861092141339','MPLX6 RGN TZOS MULTSAB VASO 150G',3,1.00,'A'),('4134','7861092141346','MPLX6 RGN BBLE MULTSAB BOT 180G',3,1.00,'A'),('4160','7861092141605','RGN BBLE DZNO BOT 180G',4,1.00,'A'),('4161','7861092141612','RGN BBLE DZNO BOT 1000G',7,1.00,'A'),('4162','7861092141629','RGN BBLE FTLLA BOT 180G',4,1.00,'A'),('4163','7861092141636','RGN BBLE FTLLA BOT 1000G',7,1.00,'A'),('4247','7861092142473','RGN TZOS MOR BOT 1750G',3,1.00,'A'),('4248','7861092142480','RGN TZOS DZNO BOT 1750G',3,1.00,'A'),('4249','7861092142497','RGN TZOS FTLLA BOT 1750G',3,1.00,'A'),('4450239','7702001044504','AVENA ORIGINAL VASO 250G ECU',1,1.00,'A'),('4454239','7702001044542','AVENA CANELA VASO 250G ECU',1,1.00,'A'),('4865','7861092195998','KUMIS ORIG BOT 1750G',3,1.00,'A'),('4889','7861092148895','RGN TZOS MOR BOT 1000G',7,1.00,'A'),('4894','7861092148949','RGN TZOS FTLLA BOT 1000G',7,1.00,'A'),('4895','7861092148956','RGN TZOS DZNO BOT 1000G',7,1.00,'A'),('4920','7861092149205','RGN TZOS DZNO VASO 150G',1,1.00,'A'),('4921','7861092149212','RGN TZOS FTLLA VASO 150G',1,1.00,'A'),('4923','7861092149236','RGN TZOS MOR VASO 150 G',1,1.00,'A'),('5244','7861092152441','RGN BBLE FTLLA BOT 1750G',3,1.00,'A'),('5275','7861092152755','RGN BBLE DZNO BOT 1750G',3,1.00,'A'),('5510','7861092155107','Q PARME KIOSKO RALL BOL 40G',7,1.00,'A'),('5511','7861092155114','Q PARME KIOSKO RALL BOL 100G',7,1.00,'A'),('5512','7861092155121','Q PARME KIOSKO RALL BOL 250G',7,1.00,'A'),('5513','7861092155138','Q PARME KIOSKO RALL BOL 500G',7,1.00,'A'),('5523','7861092155237','BY BLCK VASO 165G',2,1.00,'A'),('5546','2959269000000','Q PARME KIOSKO CUNA AL PESO',10,2.40,'A'),('5701','7861092157019','CREM LCH AGRIA KIOSKO GAR 3.5KG',9,1.00,'A'),('5703','7861092157033','CREM LCH NAT KIOSKO GAR 3.5KG',9,1.00,'A'),('5706','7861092157064','DULCE LCH KIOSKO VASO 250G',7,1.00,'A'),('5709','7861092157095','DULCE LCH KIOSKO VASO 500G',7,1.00,'A'),('5711','7861092157118','MQUILLA NAT KIOSKO 1KG',10,1.00,'A'),('5712','7861092157125','MQUILLA NAT KIOSKO AL PESO',10,5.00,'A'),('5717','7861092157170','Q AMERIC KIOSKO 20 LONJ 300G',8,1.00,'A'),('5719','2959248000007','Q AMERIC KIOSKO LONJ AL PESO',10,1.60,'A'),('5726','7861092157262','Q FRES CRIOL KIOSKO AL PESO',10,3.00,'A'),('5729','7861092157293','Q MOZAR KIOSKO BLOQ 200G',5,1.00,'A'),('5730','7861092157309','Q MOZAR KIOSKO BLOQ 350G',5,1.00,'A'),('5731','7861092157316','Q MOZAR KIOSKO BLOQ 500G',5,1.00,'A'),('5732','7861092157323','Q MOZAR KIOSKO BLOQ 700G',8,1.00,'A'),('5733','7861092157330','Q MOZAR KIOSKO BLOQ 900G',8,1.00,'A'),('5735','7861092157354','Q MOZAR LGHT KIOSKO BLOQ 200G',8,1.00,'A'),('5736','7861092157361','Q MOZAR LGHT KIOSKO BLOQ 500G',5,1.00,'A'),('5737','7861092157378','Q MOZAR LGHT KIOSKO BLOQ 700G',8,1.00,'A'),('5745','7861092157453','Q MOZAR PIZZ KIOSKO AL PESO',10,3.00,'A'),('5746','7861092157460','Q MOZAR PIZZ KIOSKO 20 LONJ 300G',5,1.00,'A'),('5747','7861092157477','Q MOZAR PIZZ KIOSKO LONJ AL PESO',10,2.50,'A'),('5748','7861092157484','Q MOZAR PIZZ KIOSKO RALL BOL 300G',8,1.00,'A'),('5749','7861092157491','RQSON KIOSKO BLOQ 500G',5,1.00,'A'),('5750','7861092157507','Q RICOTTA KIOSKO BLOQ 250G',5,1.00,'A'),('5753','7861092157538','Q GOUDA KIOSKO BLOQ 350G',8,1.00,'A'),('5755','7861092157552','Q HIERBAS KIOSKO AL PESO',10,2.70,'A'),('5757','7861092157576','Q HIERBAS KIOSKO LONJ AL PESO',10,2.50,'A'),('5758','7861092157583','Q HOLAN KIOSKO AL PESO',10,2.70,'A'),('5759','7861092157590','Q HOLAN KIOSKO 20 LONJ 300G',8,1.00,'A'),('5760','7861092157606','Q HOLAN KIOSKO 10 LONJ 150G',5,1.00,'A'),('5761','7861092157613','Q HOLAN KIOSKO LONJ AL PESO',10,2.50,'A'),('5763','7861092157637','Q JAVIER KIOSKO BLOQ 320G',7,1.00,'A'),('5764','7861092157644','Q JAVIER KIOSKO AL PESO',10,2.70,'A'),('5765','7861092157651','Q JAVIER KIOSKO 20 LONJ 300G',8,1.00,'A'),('5766','7861092157668','Q JAVIER KIOSKO 10 LONJ 150G',5,1.00,'A'),('5767','7861092157675','Q JAVIER KIOSKO LONJ AL PESO',10,2.40,'A'),('5769','7861092157699','Q MIX ESPECIAL KIOSKO CUBO BOL 350G',8,1.00,'A'),('5770','7861092157705','Q MIX ESPECIAL KIOSKO CUBO BOL 500G',8,1.00,'A'),('5771','7861092157712','Q PROVO AHUM KIOSKO BLOQ 260G',8,1.00,'A'),('5772','7861092157729','Q PROVO AHUM KIOSKO AL PESO',10,1.60,'A'),('5777','7861092157774','Q SANDU KIOSKO 10 LONJ 150G',5,1.00,'A'),('5778','7861092157781','Q SANDU KIOSKO 20 LONJ 300G',8,1.00,'A'),('5779','2959265000004','Q SANDU KIOSKO LONJ AL PESO',10,2.50,'A'),('5780','7861092157804','Q MIX MEX KIOSKO RALL BOL 300G',8,1.00,'A'),('5818','7861092158184','Q FRES KIOSKO BLOQ 450G',5,1.00,'A'),('6219239','7702001062195','ALPINETTE FRESA 140G ECU',6,1.00,'A'),('6221239','7702001062218','ALPINETTE CEREZA 140G ECU',6,1.00,'A'),('6222239','7702001062225','ALPINETTE MELOCOTON 140G ECU',6,1.00,'A'),('6226239','7702001062263','ALPINETTE MORA 140G ECU',6,1.00,'A'),('8206','7861092182066','MPLX6 AREQUIPE VASO 50G',8,1.00,'A'),('8208','7861092182080','AREQUIPE GAR 4.6KG',7,1.00,'A'),('8260','7861092182608','AREQUIPE VASO 250G ECU',8,1.00,'A'),('8261','7861092182615','AREQUIPE VASO 500G ECU',8,1.00,'A'),('8414','7861092184145','AREQUIPE VASO 50G ECU',9,1.00,'A'),('8499239','7702001084999','AVENA FINESSE VASO 250G ECU',6,1.00,'A'),('8653','7861092186534','BY CHOCKRI VASO 169G',99,1.00,'A'),('8654','7861092186545','BONYURT FRUTILLA ZUCARITAS',3,1.00,'A'),('8655','7861092186552','BY ZUC VASO 170G ECU',2,1.00,'A'),('8656','7861092186569','BY FROOT LOOPS VASO 154 G',6,1.00,'A'),('9088','7861092190887','MPLX4 BY MULTSAB VASO ECU',3,1.00,'A');
/*!40000 ALTER TABLE `productos` ENABLE KEYS */;
UNLOCK TABLES;
/*!50003 SET @saved_cs_client      = @@character_set_client */ ;
/*!50003 SET @saved_cs_results     = @@character_set_results */ ;
/*!50003 SET @saved_col_connection = @@collation_connection */ ;
/*!50003 SET character_set_client  = utf8mb4 */ ;
/*!50003 SET character_set_results = utf8mb4 */ ;
/*!50003 SET collation_connection  = utf8mb4_0900_ai_ci */ ;
/*!50003 SET @saved_sql_mode       = @@sql_mode */ ;
/*!50003 SET sql_mode              = 'ONLY_FULL_GROUP_BY,STRICT_TRANS_TABLES,NO_ZERO_IN_DATE,NO_ZERO_DATE,ERROR_FOR_DIVISION_BY_ZERO,NO_ENGINE_SUBSTITUTION' */ ;
DELIMITER ;;
/*!50003 CREATE*/ /*!50017 DEFINER=`admin`@`localhost`*/ /*!50003 TRIGGER `productos_AFTER_INSERT` AFTER INSERT ON `productos` FOR EACH ROW BEGIN
insert into codigosEAN 
values (new.codigoEAN,new.idproducto,new.descripcion,new.estado);
END */;;
DELIMITER ;
/*!50003 SET sql_mode              = @saved_sql_mode */ ;
/*!50003 SET character_set_client  = @saved_cs_client */ ;
/*!50003 SET character_set_results = @saved_cs_results */ ;
/*!50003 SET collation_connection  = @saved_col_connection */ ;
/*!50003 SET @saved_cs_client      = @@character_set_client */ ;
/*!50003 SET @saved_cs_results     = @@character_set_results */ ;
/*!50003 SET @saved_col_connection = @@collation_connection */ ;
/*!50003 SET character_set_client  = utf8mb4 */ ;
/*!50003 SET character_set_results = utf8mb4 */ ;
/*!50003 SET collation_connection  = utf8mb4_0900_ai_ci */ ;
/*!50003 SET @saved_sql_mode       = @@sql_mode */ ;
/*!50003 SET sql_mode              = 'ONLY_FULL_GROUP_BY,STRICT_TRANS_TABLES,NO_ZERO_IN_DATE,NO_ZERO_DATE,ERROR_FOR_DIVISION_BY_ZERO,NO_ENGINE_SUBSTITUTION' */ ;
DELIMITER ;;
/*!50003 CREATE*/ /*!50017 DEFINER=`admin`@`localhost`*/ /*!50003 TRIGGER `productos_AFTER_UPDATE` AFTER UPDATE ON `productos` FOR EACH ROW BEGIN
update codigosEAN set codigoEAN = new.codigoEAN,idproducto=new.idproducto,descripcion=new.descripcion,estado=new.estado
where idproducto = new.idproducto;
END */;;
DELIMITER ;
/*!50003 SET sql_mode              = @saved_sql_mode */ ;
/*!50003 SET character_set_client  = @saved_cs_client */ ;
/*!50003 SET character_set_results = @saved_cs_results */ ;
/*!50003 SET collation_connection  = @saved_col_connection */ ;
/*!50003 SET @saved_cs_client      = @@character_set_client */ ;
/*!50003 SET @saved_cs_results     = @@character_set_results */ ;
/*!50003 SET @saved_col_connection = @@collation_connection */ ;
/*!50003 SET character_set_client  = utf8mb4 */ ;
/*!50003 SET character_set_results = utf8mb4 */ ;
/*!50003 SET collation_connection  = utf8mb4_0900_ai_ci */ ;
/*!50003 SET @saved_sql_mode       = @@sql_mode */ ;
/*!50003 SET sql_mode              = 'ONLY_FULL_GROUP_BY,STRICT_TRANS_TABLES,NO_ZERO_IN_DATE,NO_ZERO_DATE,ERROR_FOR_DIVISION_BY_ZERO,NO_ENGINE_SUBSTITUTION' */ ;
DELIMITER ;;
/*!50003 CREATE*/ /*!50017 DEFINER=`admin`@`localhost`*/ /*!50003 TRIGGER `productos_AFTER_DELETE` AFTER DELETE ON `productos` FOR EACH ROW BEGIN
delete from codigosEAN where idproducto = old.idproducto;
END */;;
DELIMITER ;
/*!50003 SET sql_mode              = @saved_sql_mode */ ;
/*!50003 SET character_set_client  = @saved_cs_client */ ;
/*!50003 SET character_set_results = @saved_cs_results */ ;
/*!50003 SET collation_connection  = @saved_col_connection */ ;

--
-- Final view structure for view `control_pedidos_dia`
--

/*!50001 DROP VIEW IF EXISTS `control_pedidos_dia`*/;
/*!50001 SET @saved_cs_client          = @@character_set_client */;
/*!50001 SET @saved_cs_results         = @@character_set_results */;
/*!50001 SET @saved_col_connection     = @@collation_connection */;
/*!50001 SET character_set_client      = utf8mb4 */;
/*!50001 SET character_set_results     = utf8mb4 */;
/*!50001 SET collation_connection      = utf8mb4_0900_ai_ci */;
/*!50001 CREATE ALGORITHM=UNDEFINED */
/*!50013 DEFINER=`admin`@`localhost` SQL SECURITY DEFINER */
/*!50001 VIEW `control_pedidos_dia` AS select `pedidos`.`fecha` AS `fecha`,`pedidos`.`idcentro` AS `idcentro`,`centros`.`centro` AS `centro`,`pedidos`.`ruta` AS `ruta`,`pedidos`.`estado` AS `estado`,count(distinct `pedidos`.`num_entrega`) AS `total_pedidos` from (`pedidos` left join `centros` on((`pedidos`.`idcentro` = `centros`.`idcentro`))) group by `pedidos`.`fecha`,`pedidos`.`idcentro`,`centros`.`centro`,`pedidos`.`ruta`,`pedidos`.`estado` */;
/*!50001 SET character_set_client      = @saved_cs_client */;
/*!50001 SET character_set_results     = @saved_cs_results */;
/*!50001 SET collation_connection      = @saved_col_connection */;

--
-- Final view structure for view `pivot_contro_dia`
--

/*!50001 DROP VIEW IF EXISTS `pivot_contro_dia`*/;
/*!50001 SET @saved_cs_client          = @@character_set_client */;
/*!50001 SET @saved_cs_results         = @@character_set_results */;
/*!50001 SET @saved_col_connection     = @@collation_connection */;
/*!50001 SET character_set_client      = utf8mb4 */;
/*!50001 SET character_set_results     = utf8mb4 */;
/*!50001 SET collation_connection      = utf8mb4_0900_ai_ci */;
/*!50001 CREATE ALGORITHM=UNDEFINED */
/*!50013 DEFINER=`admin`@`localhost` SQL SECURITY DEFINER */
/*!50001 VIEW `pivot_contro_dia` AS select `control_pedidos_dia`.`fecha` AS `fecha`,`control_pedidos_dia`.`idcentro` AS `idcentro`,`control_pedidos_dia`.`centro` AS `centro`,`control_pedidos_dia`.`ruta` AS `ruta`,sum((case when (`control_pedidos_dia`.`estado` = 'A') then `control_pedidos_dia`.`total_pedidos` else 0 end)) AS `activo`,sum((case when (`control_pedidos_dia`.`estado` = 'P') then `control_pedidos_dia`.`total_pedidos` else 0 end)) AS `enproceso`,sum((case when (`control_pedidos_dia`.`estado` = 'F') then `control_pedidos_dia`.`total_pedidos` else 0 end)) AS `finalizado` from `control_pedidos_dia` group by `control_pedidos_dia`.`fecha`,`control_pedidos_dia`.`idcentro`,`control_pedidos_dia`.`centro`,`control_pedidos_dia`.`ruta` */;
/*!50001 SET character_set_client      = @saved_cs_client */;
/*!50001 SET character_set_results     = @saved_cs_results */;
/*!50001 SET collation_connection      = @saved_col_connection */;
/*!40103 SET TIME_ZONE=@OLD_TIME_ZONE */;

/*!40101 SET SQL_MODE=@OLD_SQL_MODE */;
/*!40014 SET FOREIGN_KEY_CHECKS=@OLD_FOREIGN_KEY_CHECKS */;
/*!40014 SET UNIQUE_CHECKS=@OLD_UNIQUE_CHECKS */;
/*!40101 SET CHARACTER_SET_CLIENT=@OLD_CHARACTER_SET_CLIENT */;
/*!40101 SET CHARACTER_SET_RESULTS=@OLD_CHARACTER_SET_RESULTS */;
/*!40101 SET COLLATION_CONNECTION=@OLD_COLLATION_CONNECTION */;
/*!40111 SET SQL_NOTES=@OLD_SQL_NOTES */;

-- Dump completed on 2024-12-04 22:14:32
